ts_utc,sym,expiry,dte,spot,strike,cp,bid,ask,mid,last,volume,open_interest,iv,delta,gamma,vega,theta,day_open,day_high,day_low,prev_close
2026-09-24T18:23:53+00:00,QQQ,2026-09-24,0,739.2164,515.0,C,222.13,225.65,223.89,222.4,6,0,0.0,1.0,0.0,0.0,-0.0001,222.23,222.4,222.23,225.525
2026-09-24T18:23:53+00:00,QQQ,2026-09-24,0,739.2164,520.0,C,217.12,220.72,218.92,217.42,6,0,0.0,1.0,0.0,0.0,-0.0001,217.3,217.42,217.3,220.625
2026-09-24T18:23:53+00:00,QQQ,2026-09-24,0,739.2164,555.0,C,182.12,185.37,183.745,182.19,1,0,0.0,1.0,0.0,0.0,-0.0003,182.19,182.19,182.19,185.67
2026-09-24T18:23:53+00:00,QQQ,2026-09-24,0,739.2164,560.0,C,177.12,180.39,178.755,177.24,1,0,0.0,1.0,0.0,0.0,-0.0004,177.24,177.24,177.24,180.655
2026-09-24T18:23:53+00:00,QQQ,2026-09-24,0,739.2164,570.0,C,167.11,169.77,168.44,167.01,1,0,0.0,0.9999,0.0,0.0,-0.0006,167.01,167.01,167.01,170.645
2026-09-24T18:23:53+00:00,QQQ,2026-09-24,0,739.2164,575.0,C,162.11,164.85,163.48,162.06,1,0,0.0,0.9999,0.0,0.0,-0.0007,162.06,162.06,162.06,165.76
2026-09-24T18:23:53+00:00,QQQ,2026-09-24,0,739.2164,600.0,C,137.11,139.85,138.48,136.78,10,10,0.0,0.9998,0.0,0.0001,-0.0014,136.78,136.78,136.78,140.715
2026-09-24T18:23:53+00:00,QQQ,2026-09-24,0,739.2164,640.0,C,97.1,100.12,98.61,96.51,2,3,0.0,0.9995,0.0,0.0002,-0.0038,96.57,96.57,96.51,100.78
2026-09-24T18:23:53+00:00,QQQ,2026-09-24,0,739.2164,645.0,C,92.11,94.91,93.51,91.56,2,0,0.0,0.9994,0.0001,0.0002,-0.0042,91.62,91.62,91.56,95.695
2026-09-24T18:23:53+00:00,QQQ,2026-09-24,0,739.2164,665.0,C,72.11,75.12,73.615,71.01,7,0,0.0,0.999,0.0001,0.0004,-0.0064,70.56,71.01,70.43,75.635
2026-09-24T18:23:53+00:00,QQQ,2026-09-24,0,739.2164,666.0,C,71.13,74.12,72.625,70.06,7,0,0.0,0.999,0.0001,0.0004,-0.0065,69.61,70.06,69.48,74.665
2026-09-24T18:23:53+00:00,QQQ,2026-09-24,0,739.2164,667.0,C,70.12,73.12,71.62,69.12,7,0,0.0,0.999,0.0001,0.0004,-0.0066,70.06,70.06,69.12,73.725
2026-09-24T18:23:53+00:00,QQQ,2026-09-24,0,739.2164,668.0,C,69.11,72.12,70.615,71.57,12,0,0.0,0.999,0.0001,0.0004,-0.0068,69.12,71.57,68.17,72.71
2026-09-24T18:23:53+00:00,QQQ,2026-09-24,0,739.2164,669.0,C,69.19,70.87,70.03,70.61,10,0,0.0,0.9989,0.0001,0.0004,-0.0069,68.94,70.61,66.71,71.68
2026-09-24T18:23:53+00:00,QQQ,2026-09-24,0,739.2164,670.0,C,67.1,70.11,68.605,66.12,5,0,0.0,0.9989,0.0002,0.0004,-0.007,65.77,66.12,65.76,70.59
2026-09-24T18:23:53+00:00,QQQ,2026-09-24,0,739.2164,671.0,C,67.23,69.12,68.175,68.86,11,0,2.2873,0.9988,0.0002,0.0004,-0.0072,64.87,71.71,64.87,69.675
2026-09-24T18:23:53+00:00,QQQ,2026-09-24,0,739.2164,672.0,C,66.59,67.91,67.25,67.9,11,0,2.4945,0.9988,0.0002,0.0005,-0.0073,63.93,70.76,63.93,68.765
2026-09-24T18:23:53+00:00,QQQ,2026-09-24,0,739.2164,673.0,C,64.94,67.36,66.15,64.19,1,0,0.0,0.9988,0.0002,0.0005,-0.0074,64.19,64.19,64.19,67.695
2026-09-24T18:23:53+00:00,QQQ,2026-09-24,0,739.2164,674.0,C,63.99,66.12,65.055,67.38,2,0,0.0,0.9988,0.0002,0.0005,-0.0076,63.24,67.38,63.24,66.725
2026-09-24T18:23:53+00:00,QQQ,2026-09-24,0,739.2164,675.0,C,63.49,65.12,64.305,66.42,1,0,2.5854,0.9987,0.0002,0.0005,-0.0077,66.42,66.42,66.42,65.495
2026-09-24T18:23:53+00:00,QQQ,2026-09-24,0,739.2164,676.0,C,62.11,63.86,62.985,66.5,1,0,0.0,0.9987,0.0002,0.0005,-0.0078,66.5,66.5,66.5,64.575
2026-09-24T18:23:53+00:00,QQQ,2026-09-24,0,739.2164,677.0,C,61.57,63.13,62.35,65.55,1,0,2.591,0.9986,0.0002,0.0005,-0.008,65.55,65.55,65.55,63.675
2026-09-24T18:23:53+00:00,QQQ,2026-09-24,0,739.2164,678.0,C,59.88,61.83,60.855,64.05,4,0,0.0,0.9986,0.0002,0.0006,-0.0081,57.29,64.24,57.29,62.675
2026-09-24T18:23:53+00:00,QQQ,2026-09-24,0,739.2164,679.0,C,59.22,60.79,60.005,60.04,10,0,0.0,0.9986,0.0002,0.0006,-0.0083,56.36,63.29,56.36,61.695
2026-09-24T18:23:53+00:00,QQQ,2026-09-24,0,739.2164,680.0,C,58.75,60.13,59.44,59.08,7,0,2.6212,0.9985,0.0002,0.0006,-0.0084,56.57,59.08,55.71,60.695
2026-09-24T18:23:53+00:00,QQQ,2026-09-24,0,739.2164,681.0,C,56.11,59.13,57.62,55.63,1,0,0.0,0.9985,0.0002,0.0006,-0.0086,55.63,55.63,55.63,59.605
2026-09-24T18:23:53+00:00,QQQ,2026-09-24,0,739.2164,682.0,C,55.1,58.57,56.835,57.35,3,0,0.0,0.9984,0.0002,0.0006,-0.0087,54.29,57.35,54.29,58.525
2026-09-24T18:23:53+00:00,QQQ,2026-09-24,0,739.2164,683.0,C,54.12,57.13,55.625,56.4,3,0,0.0,0.9984,0.0003,0.0006,-0.0089,53.36,56.4,53.36,57.615
2026-09-24T18:23:53+00:00,QQQ,2026-09-24,0,739.2164,684.0,C,53.11,56.08,54.595,52.73,1,0,0.0,0.9983,0.0003,0.0006,-0.009,52.73,52.73,52.73,56.51
2026-09-24T18:23:53+00:00,QQQ,2026-09-24,0,739.2164,685.0,C,52.11,55.06,53.585,50.55,3,1,0.0,0.9983,0.0003,0.0007,-0.0092,51.8,51.8,50.55,55.525
2026-09-24T18:23:53+00:00,QQQ,2026-09-24,0,739.2164,686.0,C,51.11,54.22,52.665,55.38,4,0,0.0,0.9982,0.0003,0.0007,-0.0093,51.03,55.38,49.6,54.725
2026-09-24T18:23:53+00:00,QQQ,2026-09-24,0,739.2164,687.0,C,50.11,53.13,51.62,54.44,3,0,0.0,0.9982,0.0003,0.0007,-0.0095,50.1,54.44,48.57,53.67
2026-09-24T18:23:53+00:00,QQQ,2026-09-24,0,739.2164,688.0,C,49.11,52.06,50.585,47.62,2,0,0.0,0.9981,0.0003,0.0007,-0.0097,49.24,49.24,47.62,52.65
2026-09-24T18:23:53+00:00,QQQ,2026-09-24,0,739.2164,689.0,C,48.11,51.13,49.62,46.54,5,0,0.0,0.998,0.0003,0.0008,-0.0098,46.07,48.3,46.07,51.7
2026-09-24T18:23:53+00:00,QQQ,2026-09-24,0,739.2164,690.0,C,47.11,50.13,48.62,45.59,46,32,0.0,0.998,0.0004,0.0008,-0.01,45.06,47.2,45.06,50.69
2026-09-24T18:23:53+00:00,QQQ,2026-09-24,0,739.2164,691.0,C,46.12,49.06,47.59,44.29,3,0,0.0,0.9979,0.0004,0.0008,-0.0102,46.27,46.27,44.29,49.58
2026-09-24T18:23:53+00:00,QQQ,2026-09-24,0,739.2164,692.0,C,45.22,48.06,46.64,43.34,3,0,0.0,0.9978,0.0004,0.0008,-0.0103,44.15,44.15,43.34,48.685
2026-09-24T18:23:53+00:00,QQQ,2026-09-24,0,739.2164,693.0,C,44.12,47.06,45.59,43.22,1,0,0.0,0.9978,0.0004,0.0008,-0.0105,43.22,43.22,43.22,47.585
2026-09-24T18:23:53+00:00,QQQ,2026-09-24,0,739.2164,695.0,C,42.12,45.13,43.625,42.74,32,30,0.0,0.9976,0.0005,0.0009,-0.0108,41.09,42.74,41.09,45.555
2026-09-24T18:23:53+00:00,QQQ,2026-09-24,0,739.2164,696.0,C,41.1,44.69,42.895,41.11,2,5,0.0,0.9976,0.0005,0.0009,-0.011,40.13,41.11,40.13,44.565
2026-09-24T18:23:53+00:00,QQQ,2026-09-24,0,739.2164,697.0,C,40.12,43.43,41.775,40.18,1,3,0.0,0.9975,0.0005,0.001,-0.0112,40.18,40.18,40.18,43.53
2026-09-24T18:23:53+00:00,QQQ,2026-09-24,0,739.2164,698.0,C,39.12,42.15,40.635,39.25,1,1,0.0,0.9974,0.0005,0.001,-0.0114,39.25,39.25,39.25,42.745
2026-09-24T18:23:53+00:00,QQQ,2026-09-24,0,739.2164,699.0,C,38.1,41.72,39.91,37.38,3,7,0.0,0.9973,0.0006,0.001,-0.0116,36.29,37.71,36.29,41.57
2026-09-24T18:23:53+00:00,QQQ,2026-09-24,0,739.2164,700.0,C,37.12,40.13,38.625,36.41,41,45,0.0,0.9972,0.0006,0.001,-0.0118,36.59,36.74,35.5,40.515
2026-09-24T18:23:53+00:00,QQQ,2026-09-24,0,739.2164,701.0,C,36.12,39.73,37.925,38.82,21,12,0.0,0.9971,0.0006,0.0011,-0.012,35.91,39.24,35.91,39.555
2026-09-24T18:23:53+00:00,QQQ,2026-09-24,0,739.2164,702.0,C,35.13,38.15,36.64,37.03,16,168,0.0,0.997,0.0007,0.0011,-0.0121,34.97,38.29,34.97,38.51
2026-09-24T18:23:53+00:00,QQQ,2026-09-24,0,739.2164,703.0,C,34.12,37.51,35.815,36.41,5,80,0.0,0.9969,0.0007,0.0012,-0.0123,33.81,36.41,32.9,37.59
2026-09-24T18:23:53+00:00,QQQ,2026-09-24,0,739.2164,704.0,C,33.25,35.83,34.54,37.6,12,78,0.0,0.9968,0.0007,0.0012,-0.0125,32.7,37.6,31.7,37.08
2026-09-24T18:23:53+00:00,QQQ,2026-09-24,0,739.2164,705.0,C,32.23,35.4,33.815,36.44,20,93,0.0,0.9966,0.0008,0.0012,-0.0127,31.6,36.44,31.6,35.91
2026-09-24T18:23:53+00:00,QQQ,2026-09-24,0,739.2164,706.0,C,31.23,34.24,32.735,29.12,0,78,0.0,0.9965,0.0008,0.0013,-0.0129,0.0,0.0,0.0,34.91
2026-09-24T18:23:53+00:00,QQQ,2026-09-24,0,739.2164,707.0,C,30.24,33.61,31.925,28.16,4,68,0.0,0.9964,0.0009,0.0013,-0.0131,28.15,30.41,28.15,33.915
2026-09-24T18:23:53+00:00,QQQ,2026-09-24,0,739.2164,708.0,C,29.22,32.22,30.72,31.3,20,53,0.0,0.9962,0.0009,0.0014,-0.0133,29.58,31.6,28.89,32.71
2026-09-24T18:23:53+00:00,QQQ,2026-09-24,0,739.2164,709.0,C,28.12,31.24,29.68,32.6,30,69,0.0,0.9961,0.001,0.0014,-0.0135,31.0,32.6,31.0,31.92
2026-09-24T18:23:53+00:00,QQQ,2026-09-24,0,739.2164,710.0,C,27.23,30.7,28.965,25.98,10,461,0.0,0.9959,0.0011,0.0015,-0.0137,25.98,27.14,25.98,30.925
2026-09-24T18:23:53+00:00,QQQ,2026-09-24,0,739.2164,711.0,C,26.23,29.03,27.63,28.11,12,48,0.0,0.9958,0.0011,0.0015,-0.0139,25.45,28.11,25.45,29.925
2026-09-24T18:23:53+00:00,QQQ,2026-09-24,0,739.2164,712.0,C,25.23,28.24,26.735,27.96,16,54,0.0,0.9956,0.0012,0.0016,-0.0142,24.83,28.17,24.29,28.925
2026-09-24T18:23:53+00:00,QQQ,2026-09-24,0,739.2164,713.0,C,24.37,26.76,25.565,24.68,8,113,0.0,0.9954,0.0013,0.0017,-0.0144,22.4,25.3,22.4,28.105
2026-09-24T18:23:53+00:00,QQQ,2026-09-24,0,739.2164,714.0,C,23.72,25.76,24.74,23.09,6,169,0.0,0.9952,0.0014,0.0017,-0.0146,22.55,23.68,22.55,26.935
2026-09-24T18:23:53+00:00,QQQ,2026-09-24,0,739.2164,715.0,C,22.72,24.76,23.74,24.31,45,982,0.0,0.995,0.0015,0.0018,-0.0148,22.07,26.01,20.78,25.935
2026-09-24T18:23:53+00:00,QQQ,2026-09-24,0,739.2164,716.0,C,21.72,23.35,22.535,23.39,53,238,0.0,0.9947,0.0016,0.0019,-0.015,20.26,23.74,19.78,24.735
2026-09-24T18:23:53+00:00,QQQ,2026-09-24,0,739.2164,717.0,C,20.84,22.36,21.6,22.74,29,459,0.0,0.9944,0.0018,0.002,-0.0153,19.98,22.74,19.06,23.945
2026-09-24T18:23:53+00:00,QQQ,2026-09-24,0,739.2164,718.0,C,19.97,21.4,20.685,23.19,35,372,0.0,0.9942,0.002,0.0021,-0.0155,18.8,23.19,17.54,22.945
2026-09-24T18:23:53+00:00,QQQ,2026-09-24,0,739.2164,719.0,C,18.71,20.73,19.72,20.57,17,533,0.0,0.9938,0.0021,0.0022,-0.0158,18.67,20.57,16.17,21.78
2026-09-24T18:23:53+00:00,QQQ,2026-09-24,0,739.2164,720.0,C,18.08,19.48,18.78,21.5,44,1050,0.0,0.9935,0.0023,0.0023,-0.0161,13.43,21.5,13.43,20.79
2026-09-24T18:23:53+00:00,QQQ,2026-09-24,0,739.2164,721.0,C,16.69,18.48,17.585,17.43,48,673,0.0,0.9931,0.0026,0.0024,-0.0164,15.96,17.43,14.13,19.795
2026-09-24T18:23:53+00:00,QQQ,2026-09-24,0,739.2164,722.0,C,15.69,17.81,16.75,18.43,95,833,0.0,0.9927,0.0028,0.0026,-0.0167,12.95,19.19,12.33,18.805
2026-09-24T18:23:53+00:00,QQQ,2026-09-24,0,739.2164,723.0,C,14.73,16.77,15.75,18.49,89,285,0.0,0.9921,0.0032,0.0027,-0.0172,12.2,18.5,11.54,17.815
2026-09-24T18:23:53+00:00,QQQ,2026-09-24,0,739.2164,724.0,C,13.73,15.74,14.735,15.89,71,281,0.0,0.9915,0.0036,0.0029,-0.0177,11.24,17.85,10.72,16.835
2026-09-24T18:23:53+00:00,QQQ,2026-09-24,0,739.2164,725.0,C,12.73,14.77,13.75,13.27,159,653,0.0,0.9908,0.0041,0.0031,-0.0184,10.2,16.7,9.96,15.855
2026-09-24T18:23:53+00:00,QQQ,2026-09-24,0,739.2164,726.0,C,11.75,13.3,12.525,14.4,99,324,0.0,0.9899,0.0047,0.0034,-0.0193,9.53,15.5,9.2,14.885
2026-09-24T18:23:53+00:00,QQQ,2026-09-24,0,739.2164,727.0,C,10.76,12.25,11.505,13.43,417,276,0.0,0.9886,0.0055,0.0038,-0.0206,8.49,15.37,8.1,13.935
2026-09-24T18:23:53+00:00,QQQ,2026-09-24,0,739.2164,728.0,C,9.76,11.78,10.77,12.6,164,288,0.0,0.987,0.0066,0.0043,-0.0225,8.89,14.04,7.07,12.97
2026-09-24T18:23:53+00:00,QQQ,2026-09-24,0,739.2164,729.0,C,8.77,10.79,9.78,11.87,438,1581,0.0,0.9846,0.0082,0.0049,-0.0255,6.66,13.19,6.3,12.035
2026-09-24T18:23:53+00:00,QQQ,2026-09-24,0,739.2164,730.0,C,7.81,9.31,8.56,9.0,2152,2386,0.0,0.9811,0.0104,0.0059,-0.0301,5.72,12.41,5.18,11.24
2026-09-24T18:23:53+00:00,QQQ,2026-09-24,0,739.2164,731.0,C,6.82,8.28,7.55,9.79,2175,629,0.0,0.9757,0.0137,0.0073,-0.0376,5.17,11.64,4.33,10.155
2026-09-24T18:23:53+00:00,QQQ,2026-09-24,0,739.2164,732.0,C,6.58,7.33,6.955,6.65,7374,4593,0.0,0.9672,0.0188,0.0093,-0.0498,4.23,10.4,3.4,9.315
2026-09-24T18:23:53+00:00,QQQ,2026-09-24,0,739.2164,733.0,C,5.41,6.36,5.885,6.0,8320,964,0.0,0.9536,0.0265,0.0123,-0.07,3.37,9.5,2.57,8.47
2026-09-24T18:23:53+00:00,QQQ,2026-09-24,0,739.2164,734.0,C,5.11,5.37,5.24,5.0,39686,621,0.2663,0.932,0.0379,0.0165,-0.1034,2.91,8.59,1.84,7.63
2026-09-24T18:23:53+00:00,QQQ,2026-09-24,0,739.2164,735.0,C,4.31,4.41,4.36,4.32,97980,1599,0.2794,0.8978,0.0545,0.0223,-0.1591,2.1,7.7,1.25,6.83
2026-09-24T18:23:53+00:00,QQQ,2026-09-24,0,739.2164,736.0,C,3.41,3.49,3.45,3.28,258511,1349,0.2605,0.8446,0.0768,0.0295,-0.2527,1.66,6.65,0.79,6.055
2026-09-24T18:23:53+00:00,QQQ,2026-09-24,0,739.2164,737.0,C,2.58,2.6,2.59,2.6,289122,915,0.249,0.7654,0.1036,0.0376,-0.4074,1.27,5.76,0.47,5.325
2026-09-24T18:23:53+00:00,QQQ,2026-09-24,0,739.2164,738.0,C,1.83,1.84,1.835,1.81,324373,1766,0.2355,0.6564,0.1298,0.0448,-0.6526,0.93,4.89,0.27,4.605
2026-09-24T18:23:53+00:00,QQQ,2026-09-24,0,739.2164,739.0,C,1.19,1.2,1.195,1.2,274314,2980,0.2266,0.5205,0.1461,0.0483,-1.0223,0.64,4.0,0.15,3.955
2026-09-24T18:23:53+00:00,QQQ,2026-09-24,0,739.2164,740.0,C,0.72,0.73,0.725,0.72,380112,10083,0.2215,0.3733,0.1423,0.046,-0.6855,0.41,3.15,0.09,3.33
2026-09-24T18:23:53+00:00,QQQ,2026-09-24,0,739.2164,741.0,C,0.4,0.41,0.405,0.4,306552,10646,0.2206,0.2426,0.1175,0.0384,-0.3811,0.29,2.42,0.06,2.77
2026-09-24T18:23:53+00:00,QQQ,2026-09-24,0,739.2164,742.0,C,0.21,0.22,0.215,0.21,249708,5842,0.2242,0.1478,0.0846,0.0287,-0.2079,0.17,1.78,0.04,2.265
2026-09-24T18:23:53+00:00,QQQ,2026-09-24,0,739.2164,743.0,C,0.11,0.12,0.115,0.12,162927,4541,0.2346,0.0872,0.056,0.02,-0.1134,0.18,1.26,0.03,1.815
2026-09-24T18:23:53+00:00,QQQ,2026-09-24,0,739.2164,744.0,C,0.06,0.07,0.065,0.07,111186,6561,0.246,0.0507,0.0353,0.0133,-0.0623,0.07,0.89,0.02,1.435
2026-09-24T18:23:53+00:00,QQQ,2026-09-24,0,739.2164,745.0,C,0.03,0.04,0.035,0.04,106432,5789,0.2552,0.0303,0.0221,0.0089,-0.0362,0.05,0.63,0.02,1.125
2026-09-24T18:23:53+00:00,QQQ,2026-09-24,0,739.2164,746.0,C,0.02,0.03,0.025,0.03,39125,3328,0.2758,0.0199,0.0145,0.0063,-0.0238,0.03,0.44,0.01,0.865
2026-09-24T18:23:53+00:00,QQQ,2026-09-24,0,739.2164,747.0,C,0.01,0.02,0.015,0.02,31225,4343,0.2882,0.0146,0.0103,0.0048,-0.0181,0.03,0.31,0.01,0.665
2026-09-24T18:23:53+00:00,QQQ,2026-09-24,0,739.2164,748.0,C,0.01,0.02,0.015,0.01,29190,7356,0.3195,0.0118,0.0079,0.004,-0.0155,0.01,0.22,0.01,0.505
2026-09-24T18:23:53+00:00,QQQ,2026-09-24,0,739.2164,749.0,C,0.01,0.02,0.015,0.01,20731,2515,0.3505,0.0102,0.0064,0.0035,-0.0142,0.01,0.15,0.01,0.385
2026-09-24T18:23:53+00:00,QQQ,2026-09-24,0,739.2164,750.0,C,0.01,0.02,0.015,0.02,28223,8299,0.3811,0.0091,0.0054,0.0032,-0.0136,0.01,0.21,0.01,0.285
2026-09-24T18:23:53+00:00,QQQ,2026-09-24,0,739.2164,751.0,C,0.0,0.01,0.01,0.01,16882,1816,0.3638,0.0084,0.0046,0.0029,-0.0132,0.01,0.08,0.01,0.215
2026-09-24T18:23:53+00:00,QQQ,2026-09-24,0,739.2164,752.0,C,0.0,0.01,0.01,0.01,9243,2862,0.391,0.0077,0.004,0.0027,-0.013,0.02,0.08,0.01,0.165
2026-09-24T18:23:53+00:00,QQQ,2026-09-24,0,739.2164,753.0,C,0.0,0.01,0.01,0.01,3728,2000,0.4179,0.0072,0.0036,0.0025,-0.0128,0.02,0.05,0.01,0.125
2026-09-24T18:23:53+00:00,QQQ,2026-09-24,0,739.2164,754.0,C,0.0,0.01,0.01,0.01,4091,3410,0.4447,0.0067,0.0032,0.0024,-0.0126,0.01,0.04,0.01,0.095
2026-09-24T18:23:53+00:00,QQQ,2026-09-24,0,739.2164,755.0,C,0.0,0.01,0.01,0.01,6430,3114,0.4713,0.0063,0.0028,0.0023,-0.0124,0.01,0.04,0.01,0.075
2026-09-24T18:23:53+00:00,QQQ,2026-09-24,0,739.2164,756.0,C,0.0,0.01,0.02,0.02,6125,1838,0.4977,0.006,0.0026,0.0021,-0.0123,0.02,0.03,0.01,0.055
2026-09-24T18:23:53+00:00,QQQ,2026-09-24,0,739.2164,757.0,C,0.0,0.01,0.01,0.01,2073,1499,0.524,0.0056,0.0023,0.002,-0.0121,0.01,0.02,0.01,0.045
2026-09-24T18:23:53+00:00,QQQ,2026-09-24,0,739.2164,758.0,C,0.0,0.01,0.01,0.01,855,931,0.5501,0.0054,0.0021,0.0019,-0.012,0.02,0.03,0.01,0.035
2026-09-24T18:23:53+00:00,QQQ,2026-09-24,0,739.2164,759.0,C,0.0,0.01,0.01,0.01,262,1543,0.576,0.0051,0.0019,0.0018,-0.0118,0.01,0.01,0.01,0.035
2026-09-24T18:23:53+00:00,QQQ,2026-09-24,0,739.2164,760.0,C,0.0,0.01,0.02,0.02,755,2573,0.6018,0.0048,0.0018,0.0018,-0.0116,0.01,0.02,0.01,0.035
2026-09-24T18:23:53+00:00,QQQ,2026-09-24,0,739.2164,761.0,C,0.0,0.01,0.01,0.01,74,1802,0.6275,0.0046,0.0016,0.0017,-0.0115,0.02,0.02,0.01,0.025
2026-09-24T18:23:53+00:00,QQQ,2026-09-24,0,739.2164,762.0,C,0.0,0.01,0.01,0.01,49,228,0.6531,0.0044,0.0015,0.0016,-0.0113,0.01,0.01,0.01,0.025
2026-09-24T18:23:53+00:00,QQQ,2026-09-24,0,739.2164,763.0,C,0.0,0.01,0.01,0.01,14,781,0.6786,0.0042,0.0014,0.0015,-0.0112,0.01,0.01,0.01,0.015
2026-09-24T18:23:53+00:00,QQQ,2026-09-24,0,739.2164,764.0,C,0.0,0.01,0.01,0.01,11,378,0.7039,0.004,0.0013,0.0015,-0.011,0.01,0.01,0.01,0.015
2026-09-24T18:23:53+00:00,QQQ,2026-09-24,0,739.2164,765.0,C,0.0,0.01,0.01,0.01,15,247,0.7291,0.0039,0.0012,0.0014,-0.0108,0.01,0.01,0.01,0.015
2026-09-24T18:23:53+00:00,QQQ,2026-09-24,0,739.2164,766.0,C,0.0,0.01,0.01,0.01,2,344,0.7542,0.0037,0.0011,0.0014,-0.0107,0.01,0.01,0.01,0.015
2026-09-24T18:23:53+00:00,QQQ,2026-09-24,0,739.2164,767.0,C,0.0,0.01,0.02,0.02,0,1326,0.7792,0.0036,0.001,0.0013,-0.0105,0.0,0.0,0.0,0.015
2026-09-24T18:23:53+00:00,QQQ,2026-09-24,0,739.2164,768.0,C,0.0,0.01,0.01,0.01,22,1297,0.8041,0.0034,0.001,0.0013,-0.0104,0.01,0.01,0.01,0.015
2026-09-24T18:23:53+00:00,QQQ,2026-09-24,0,739.2164,769.0,C,0.0,0.01,0.01,0.01,3,222,0.8289,0.0033,0.0009,0.0012,-0.0102,0.01,0.01,0.01,0.015
2026-09-24T18:23:53+00:00,QQQ,2026-09-24,0,739.2164,770.0,C,0.0,0.01,0.02,0.02,0,95,0.8536,0.0032,0.0009,0.0012,-0.0101,0.0,0.0,0.0,0.005
2026-09-24T18:23:53+00:00,QQQ,2026-09-24,0,739.2164,771.0,C,0.0,0.01,0.01,0.01,0,70,0.8782,0.0031,0.0008,0.0011,-0.01,0.0,0.0,0.0,0.005
2026-09-24T18:23:53+00:00,QQQ,2026-09-24,0,739.2164,772.0,C,0.0,0.01,0.01,0.01,1,55,0.9028,0.0029,0.0008,0.0011,-0.0098,0.01,0.01,0.01,0.005
2026-09-24T18:23:53+00:00,QQQ,2026-09-24,0,739.2164,773.0,C,0.0,0.01,0.02,0.02,0,53,0.9272,0.0028,0.0007,0.0011,-0.0097,0.0,0.0,0.0,0.005
2026-09-24T18:23:53+00:00,QQQ,2026-09-24,0,739.2164,774.0,C,0.0,0.01,0.01,0.01,0,42,0.9515,0.0028,0.0007,0.001,-0.0096,0.0,0.0,0.0,0.005
2026-09-24T18:23:53+00:00,QQQ,2026-09-24,0,739.2164,775.0,C,0.0,0.01,0.01,0.01,10,278,0.9758,0.0026,0.0006,0.001,-0.0094,0.01,0.01,0.01,0.005
2026-09-24T18:23:53+00:00,QQQ,2026-09-24,0,739.2164,776.0,C,0.0,0.01,0.01,0.01,0,102,1.0,0.0026,0.0006,0.001,-0.0093,0.0,0.0,0.0,0.005
2026-09-24T18:23:53+00:00,QQQ,2026-09-24,0,739.2164,777.0,C,0.0,0.01,0.01,0.01,2,146,1.0241,0.0025,0.0006,0.0009,-0.0092,0.01,0.01,0.01,0.005
2026-09-24T18:23:53+00:00,QQQ,2026-09-24,0,739.2164,779.0,C,0.0,0.01,0.01,0.01,30,265,1.0721,0.0023,0.0005,0.0009,-0.0089,0.01,0.01,0.01,0.005
2026-09-24T18:23:53+00:00,QQQ,2026-09-24,0,739.2164,780.0,C,0.0,0.01,0.01,0.01,4,85,1.096,0.0023,0.0005,0.0009,-0.0088,0.01,0.01,0.01,0.005
2026-09-24T18:23:53+00:00,QQQ,2026-09-24,0,739.2164,785.0,C,0.0,0.01,0.01,0.01,31,191,1.2143,0.0019,0.0004,0.0008,-0.0082,0.01,0.01,0.01,0.005
2026-09-24T18:23:53+00:00,QQQ,2026-09-24,0,739.2164,900.0,C,0.0,0.01,0.01,0.01,1,0,3.6071,0.0001,0.0,0.0001,-0.0012,0.01,0.01,0.01,0.005
2026-09-24T18:23:53+00:00,QQQ,2026-09-24,0,739.2164,635.0,P,0.0,0.01,0.01,0.01,1,825,2.8711,-0.0004,0.0,0.0002,-0.0034,0.01,0.01,0.01,0.005
2026-09-24T18:23:53+00:00,QQQ,2026-09-24,0,739.2164,655.0,P,0.0,0.01,0.01,0.01,1,7882,2.3219,-0.0007,0.0001,0.0003,-0.0052,0.01,0.01,0.01,0.015
2026-09-24T18:23:53+00:00,QQQ,2026-09-24,0,739.2164,660.0,P,0.0,0.01,0.01,0.01,3,992,2.1861,-0.0008,0.0001,0.0003,-0.0058,0.01,0.01,0.01,0.015
2026-09-24T18:23:53+00:00,QQQ,2026-09-24,0,739.2164,665.0,P,0.0,0.01,0.01,0.01,1,983,2.0508,-0.001,0.0001,0.0004,-0.0064,0.01,0.01,0.01,0.015
2026-09-24T18:23:53+00:00,QQQ,2026-09-24,0,739.2164,668.0,P,0.0,0.01,0.01,0.01,26,238,1.9698,-0.001,0.0001,0.0004,-0.0068,0.01,0.01,0.01,0.015
2026-09-24T18:23:53+00:00,QQQ,2026-09-24,0,739.2164,669.0,P,0.0,0.01,0.01,0.01,1,674,1.9429,-0.0011,0.0001,0.0004,-0.0069,0.01,0.01,0.01,0.015
2026-09-24T18:23:53+00:00,QQQ,2026-09-24,0,739.2164,670.0,P,0.0,0.01,0.01,0.01,92,907,1.9159,-0.0011,0.0002,0.0004,-0.007,0.01,0.01,0.01,0.015
2026-09-24T18:23:53+00:00,QQQ,2026-09-24,0,739.2164,671.0,P,0.0,0.01,0.01,0.01,30,1495,1.889,-0.0012,0.0002,0.0004,-0.0072,0.01,0.01,0.01,0.015
2026-09-24T18:23:53+00:00,QQQ,2026-09-24,0,739.2164,672.0,P,0.0,0.01,0.01,0.01,1,981,1.8621,-0.0012,0.0002,0.0005,-0.0073,0.01,0.01,0.01,0.015
2026-09-24T18:23:53+00:00,QQQ,2026-09-24,0,739.2164,683.0,P,0.0,0.01,0.02,0.02,1,236,1.5669,-0.0016,0.0003,0.0006,-0.0089,0.02,0.02,0.02,0.015
2026-09-24T18:23:53+00:00,QQQ,2026-09-24,0,739.2164,685.0,P,0.0,0.01,0.01,0.01,35,893,1.5133,-0.0017,0.0003,0.0007,-0.0092,0.01,0.01,0.01,0.015
2026-09-24T18:23:53+00:00,QQQ,2026-09-24,0,739.2164,686.0,P,0.0,0.01,0.01,0.01,1,3034,1.4866,-0.0018,0.0003,0.0007,-0.0093,0.01,0.01,0.01,0.015
2026-09-24T18:23:53+00:00,QQQ,2026-09-24,0,739.2164,687.0,P,0.0,0.01,0.01,0.01,6,2098,1.4598,-0.0018,0.0003,0.0007,-0.0095,0.01,0.01,0.01,0.015
2026-09-24T18:23:53+00:00,QQQ,2026-09-24,0,739.2164,690.0,P,0.0,0.01,0.01,0.01,73,5234,1.3796,-0.002,0.0004,0.0008,-0.01,0.01,0.01,0.01,0.015
2026-09-24T18:23:53+00:00,QQQ,2026-09-24,0,739.2164,691.0,P,0.0,0.01,0.01,0.01,1,2255,1.3528,-0.0021,0.0004,0.0008,-0.0102,0.01,0.01,0.01,0.015
2026-09-24T18:23:53+00:00,QQQ,2026-09-24,0,739.2164,692.0,P,0.0,0.01,0.01,0.01,1,4247,1.326,-0.0022,0.0004,0.0008,-0.0103,0.01,0.01,0.01,0.015
2026-09-24T18:23:53+00:00,QQQ,2026-09-24,0,739.2164,693.0,P,0.0,0.01,0.01,0.01,3,4987,1.2993,-0.0022,0.0004,0.0008,-0.0105,0.01,0.01,0.01,0.015
2026-09-24T18:23:53+00:00,QQQ,2026-09-24,0,739.2164,694.0,P,0.0,0.01,0.01,0.01,8,7433,1.2726,-0.0023,0.0004,0.0009,-0.0107,0.01,0.01,0.01,0.015
2026-09-24T18:23:53+00:00,QQQ,2026-09-24,0,739.2164,695.0,P,0.0,0.01,0.01,0.01,6,3344,1.2458,-0.0024,0.0005,0.0009,-0.0108,0.01,0.01,0.01,0.025
2026-09-24T18:23:53+00:00,QQQ,2026-09-24,0,739.2164,696.0,P,0.0,0.01,0.01,0.01,7,864,1.219,-0.0024,0.0005,0.0009,-0.011,0.01,0.01,0.01,0.025
2026-09-24T18:23:53+00:00,QQQ,2026-09-24,0,739.2164,697.0,P,0.0,0.01,0.01,0.01,1,4061,1.1923,-0.0025,0.0005,0.001,-0.0112,0.01,0.01,0.01,0.025
2026-09-24T18:23:53+00:00,QQQ,2026-09-24,0,739.2164,698.0,P,0.0,0.01,0.01,0.01,14,6949,1.1655,-0.0026,0.0005,0.001,-0.0114,0.01,0.01,0.01,0.025
2026-09-24T18:23:53+00:00,QQQ,2026-09-24,0,739.2164,699.0,P,0.0,0.01,0.01,0.01,1,1299,1.1388,-0.0027,0.0006,0.001,-0.0116,0.01,0.01,0.01,0.025
2026-09-24T18:23:53+00:00,QQQ,2026-09-24,0,739.2164,700.0,P,0.0,0.01,0.01,0.01,365,4346,1.112,-0.0028,0.0006,0.001,-0.0118,0.02,0.02,0.01,0.025
2026-09-24T18:23:53+00:00,QQQ,2026-09-24,0,739.2164,701.0,P,0.0,0.01,0.01,0.01,1227,3460,1.0852,-0.0029,0.0006,0.0011,-0.012,0.01,0.01,0.01,0.025
2026-09-24T18:23:53+00:00,QQQ,2026-09-24,0,739.2164,702.0,P,0.0,0.01,0.01,0.01,12978,709,1.0584,-0.003,0.0007,0.0011,-0.0121,0.01,0.02,0.01,0.025
2026-09-24T18:23:53+00:00,QQQ,2026-09-24,0,739.2164,703.0,P,0.0,0.01,0.01,0.01,13850,1072,1.0316,-0.0031,0.0007,0.0012,-0.0123,0.01,0.02,0.01,0.025
2026-09-24T18:23:53+00:00,QQQ,2026-09-24,0,739.2164,704.0,P,0.0,0.01,0.01,0.01,4108,1255,1.0048,-0.0032,0.0007,0.0012,-0.0125,0.01,0.02,0.01,0.025
2026-09-24T18:23:53+00:00,QQQ,2026-09-24,0,739.2164,705.0,P,0.0,0.01,0.01,0.01,2451,927,0.9779,-0.0034,0.0008,0.0012,-0.0127,0.01,0.02,0.01,0.025
2026-09-24T18:23:53+00:00,QQQ,2026-09-24,0,739.2164,706.0,P,0.0,0.01,0.01,0.01,5091,335,0.9511,-0.0035,0.0008,0.0013,-0.0129,0.02,0.02,0.01,0.025
2026-09-24T18:23:53+00:00,QQQ,2026-09-24,0,739.2164,707.0,P,0.0,0.01,0.01,0.01,2802,564,0.9242,-0.0036,0.0009,0.0013,-0.0131,0.01,0.02,0.01,0.025
2026-09-24T18:23:53+00:00,QQQ,2026-09-24,0,739.2164,708.0,P,0.0,0.01,0.01,0.01,2020,507,0.8973,-0.0038,0.0009,0.0014,-0.0133,0.01,0.02,0.01,0.025
2026-09-24T18:23:53+00:00,QQQ,2026-09-24,0,739.2164,709.0,P,0.0,0.01,0.01,0.01,761,481,0.8704,-0.0039,0.001,0.0014,-0.0135,0.02,0.02,0.01,0.025
2026-09-24T18:23:53+00:00,QQQ,2026-09-24,0,739.2164,710.0,P,0.0,0.01,0.01,0.01,732,2174,0.8434,-0.0041,0.0011,0.0015,-0.0137,0.02,0.03,0.01,0.025
2026-09-24T18:23:53+00:00,QQQ,2026-09-24,0,739.2164,711.0,P,0.0,0.01,0.01,0.01,1593,1264,0.8164,-0.0042,0.0011,0.0015,-0.0139,0.01,0.02,0.01,0.035
2026-09-24T18:23:53+00:00,QQQ,2026-09-24,0,739.2164,712.0,P,0.0,0.01,0.01,0.01,1261,1268,0.7894,-0.0044,0.0012,0.0016,-0.0142,0.02,0.04,0.01,0.035
2026-09-24T18:23:53+00:00,QQQ,2026-09-24,0,739.2164,713.0,P,0.0,0.01,0.01,0.01,2210,495,0.7624,-0.0046,0.0013,0.0017,-0.0144,0.02,0.03,0.01,0.035
2026-09-24T18:23:53+00:00,QQQ,2026-09-24,0,739.2164,714.0,P,0.0,0.01,0.01,0.01,2175,631,0.7353,-0.0048,0.0014,0.0017,-0.0146,0.03,0.03,0.01,0.035
2026-09-24T18:23:53+00:00,QQQ,2026-09-24,0,739.2164,715.0,P,0.0,0.01,0.01,0.01,3070,1592,0.7082,-0.005,0.0015,0.0018,-0.0148,0.04,0.04,0.01,0.035
2026-09-24T18:23:53+00:00,QQQ,2026-09-24,0,739.2164,716.0,P,0.0,0.01,0.01,0.01,1284,776,0.681,-0.0053,0.0016,0.0019,-0.015,0.03,0.05,0.01,0.035
2026-09-24T18:23:53+00:00,QQQ,2026-09-24,0,739.2164,717.0,P,0.0,0.01,0.01,0.01,3364,1235,0.6538,-0.0056,0.0018,0.002,-0.0153,0.04,0.04,0.01,0.045
2026-09-24T18:23:53+00:00,QQQ,2026-09-24,0,739.2164,718.0,P,0.0,0.01,0.01,0.01,4273,2033,0.6265,-0.0058,0.002,0.0021,-0.0155,0.04,0.05,0.01,0.045
2026-09-24T18:23:53+00:00,QQQ,2026-09-24,0,739.2164,719.0,P,0.01,0.02,0.015,0.01,7012,1636,0.6705,-0.0062,0.0021,0.0022,-0.0158,0.05,0.06,0.01,0.055
2026-09-24T18:23:53+00:00,QQQ,2026-09-24,0,739.2164,720.0,P,0.01,0.02,0.015,0.01,7973,3246,0.6404,-0.0065,0.0023,0.0023,-0.0161,0.03,0.06,0.01,0.055
2026-09-24T18:23:53+00:00,QQQ,2026-09-24,0,739.2164,721.0,P,0.01,0.02,0.015,0.01,3416,1621,0.6102,-0.0069,0.0026,0.0024,-0.0164,0.06,0.08,0.01,0.065
2026-09-24T18:23:53+00:00,QQQ,2026-09-24,0,739.2164,722.0,P,0.01,0.02,0.015,0.01,4782,2122,0.5799,-0.0073,0.0028,0.0026,-0.0167,0.07,0.08,0.01,0.075
2026-09-24T18:23:53+00:00,QQQ,2026-09-24,0,739.2164,723.0,P,0.01,0.02,0.015,0.02,2918,1735,0.5495,-0.0079,0.0032,0.0027,-0.0172,0.08,0.1,0.01,0.085
2026-09-24T18:23:53+00:00,QQQ,2026-09-24,0,739.2164,724.0,P,0.01,0.02,0.015,0.01,4333,1516,0.519,-0.0085,0.0036,0.0029,-0.0177,0.1,0.13,0.01,0.1
2026-09-24T18:23:53+00:00,QQQ,2026-09-24,0,739.2164,725.0,P,0.01,0.02,0.015,0.02,12225,2522,0.4883,-0.0092,0.0041,0.0031,-0.0184,0.14,0.16,0.01,0.115
2026-09-24T18:23:53+00:00,QQQ,2026-09-24,0,739.2164,726.0,P,0.01,0.02,0.015,0.01,10874,2092,0.4574,-0.0101,0.0047,0.0034,-0.0193,0.15,0.19,0.01,0.145
2026-09-24T18:23:53+00:00,QQQ,2026-09-24,0,739.2164,727.0,P,0.01,0.02,0.015,0.02,20257,3482,0.4264,-0.0114,0.0055,0.0038,-0.0206,0.2,0.26,0.01,0.185
2026-09-24T18:23:53+00:00,QQQ,2026-09-24,0,739.2164,728.0,P,0.02,0.03,0.025,0.02,33781,3546,0.4224,-0.013,0.0066,0.0043,-0.0225,0.29,0.34,0.01,0.225
2026-09-24T18:23:53+00:00,QQQ,2026-09-24,0,739.2164,729.0,P,0.02,0.03,0.025,0.03,52889,3659,0.3893,-0.0154,0.0082,0.0049,-0.0255,0.35,0.47,0.01,0.285
2026-09-24T18:23:53+00:00,QQQ,2026-09-24,0,739.2164,730.0,P,0.03,0.04,0.035,0.02,86570,6461,0.374,-0.0189,0.0104,0.0059,-0.0301,0.48,0.62,0.01,0.365
2026-09-24T18:23:53+00:00,QQQ,2026-09-24,0,739.2164,731.0,P,0.04,0.05,0.045,0.04,65952,5589,0.3528,-0.0243,0.0137,0.0073,-0.0376,0.62,0.82,0.01,0.455
2026-09-24T18:23:53+00:00,QQQ,2026-09-24,0,739.2164,732.0,P,0.05,0.06,0.055,0.05,99452,3740,0.3274,-0.0328,0.0188,0.0093,-0.0498,1.01,1.08,0.03,0.575
2026-09-24T18:23:53+00:00,QQQ,2026-09-24,0,739.2164,733.0,P,0.07,0.08,0.075,0.07,121594,3007,0.307,-0.0464,0.0265,0.0123,-0.07,1.4,1.42,0.04,0.715
2026-09-24T18:23:53+00:00,QQQ,2026-09-24,0,739.2164,734.0,P,0.1,0.11,0.105,0.11,209692,2688,0.2866,-0.068,0.0379,0.0165,-0.1034,1.53,1.8,0.03,0.885
2026-09-24T18:23:53+00:00,QQQ,2026-09-24,0,739.2164,735.0,P,0.15,0.16,0.155,0.16,367028,7734,0.2681,-0.1022,0.0545,0.0223,-0.1591,1.96,2.29,0.07,1.085
2026-09-24T18:23:53+00:00,QQQ,2026-09-24,0,739.2164,736.0,P,0.24,0.25,0.245,0.24,344733,53391,0.2536,-0.1554,0.0768,0.0295,-0.2527,2.41,2.82,0.11,1.315
2026-09-24T18:23:53+00:00,QQQ,2026-09-24,0,739.2164,737.0,P,0.38,0.39,0.385,0.39,222157,7048,0.2437,-0.2346,0.1036,0.0376,-0.4074,2.95,3.43,0.15,1.58
2026-09-24T18:23:53+00:00,QQQ,2026-09-24,0,739.2164,738.0,P,0.62,0.63,0.625,0.62,167254,8321,0.2322,-0.3436,0.1298,0.0448,-0.6526,3.67,4.1,0.23,1.875
2026-09-24T18:23:53+00:00,QQQ,2026-09-24,0,739.2164,739.0,P,0.98,0.99,0.985,0.99,162402,3792,0.2235,-0.4795,0.1461,0.0483,-1.0223,4.46,4.85,0.34,2.215
2026-09-24T18:23:53+00:00,QQQ,2026-09-24,0,739.2164,740.0,P,1.5,1.51,1.505,1.5,155133,8635,0.2183,-0.6267,0.1423,0.046,-0.6855,5.03,5.74,0.51,2.595
2026-09-24T18:23:53+00:00,QQQ,2026-09-24,0,739.2164,741.0,P,2.15,2.22,2.185,2.22,92841,8812,0.218,-0.7574,0.1175,0.0384,-0.3811,5.94,6.66,0.76,3.035
2026-09-24T18:23:53+00:00,QQQ,2026-09-24,0,739.2164,742.0,P,2.95,3.05,3.0,3.2,51856,2739,0.2187,-0.8522,0.0846,0.0287,-0.2079,6.89,7.51,1.12,3.515
2026-09-24T18:23:53+00:00,QQQ,2026-09-24,0,739.2164,743.0,P,3.87,4.03,3.95,3.89,14709,2554,0.2238,-0.9128,0.056,0.02,-0.1134,7.7,8.37,1.61,4.07
2026-09-24T18:23:53+00:00,QQQ,2026-09-24,0,739.2164,744.0,P,4.79,5.02,4.905,4.83,4891,1649,0.2637,-0.9493,0.0353,0.0133,-0.0623,8.76,9.3,2.24,4.7
2026-09-24T18:23:53+00:00,QQQ,2026-09-24,0,739.2164,745.0,P,5.76,6.43,6.095,6.43,3010,1756,0.4,-0.9697,0.0221,0.0089,-0.0362,9.8,10.27,2.93,5.38
2026-09-24T18:23:53+00:00,QQQ,2026-09-24,0,739.2164,746.0,P,6.77,7.81,7.29,8.0,892,921,0.5262,-0.9801,0.0145,0.0063,-0.0238,11.08,11.08,3.93,6.13
2026-09-24T18:23:53+00:00,QQQ,2026-09-24,0,739.2164,747.0,P,7.79,9.28,8.535,8.21,499,995,0.6504,-0.9854,0.0103,0.0048,-0.0181,10.0,12.21,4.64,6.94
2026-09-24T18:23:53+00:00,QQQ,2026-09-24,0,739.2164,748.0,P,8.26,10.27,9.265,8.2,259,613,0.5999,-0.9882,0.0079,0.004,-0.0155,10.7,13.14,5.75,7.83
2026-09-24T18:23:53+00:00,QQQ,2026-09-24,0,739.2164,749.0,P,9.75,11.27,10.51,9.95,425,199,0.7535,-0.9898,0.0064,0.0035,-0.0142,15.68,15.68,7.89,8.83
2026-09-24T18:23:53+00:00,QQQ,2026-09-24,0,739.2164,750.0,P,10.78,12.06,11.42,12.0,327,420,0.787,-0.9909,0.0054,0.0032,-0.0136,16.67,16.67,7.82,9.705
2026-09-24T18:23:53+00:00,QQQ,2026-09-24,0,739.2164,751.0,P,11.22,13.27,12.245,10.62,54,73,0.7301,-0.9916,0.0046,0.0029,-0.0132,15.5,16.55,8.96,10.835
2026-09-24T18:23:53+00:00,QQQ,2026-09-24,0,739.2164,752.0,P,12.26,14.3,13.28,10.75,40,39,0.7925,-0.9923,0.004,0.0027,-0.013,15.28,16.58,10.75,11.6
2026-09-24T18:23:53+00:00,QQQ,2026-09-24,0,739.2164,753.0,P,13.27,15.27,14.27,16.68,128,35,0.8322,-0.9928,0.0036,0.0025,-0.0128,17.69,18.91,14.69,12.715
2026-09-24T18:23:53+00:00,QQQ,2026-09-24,0,739.2164,754.0,P,14.73,16.3,15.515,15.2,52,1,1.0058,-0.9933,0.0032,0.0024,-0.0126,19.09,19.09,12.31,13.715
2026-09-24T18:23:53+00:00,QQQ,2026-09-24,0,739.2164,755.0,P,15.27,17.27,16.27,13.61,80,19,0.9199,-0.9937,0.0028,0.0023,-0.0124,20.0,20.0,12.94,14.495
2026-09-24T18:23:53+00:00,QQQ,2026-09-24,0,739.2164,756.0,P,16.27,18.27,17.27,16.82,42,0,0.9629,-0.994,0.0026,0.0021,-0.0123,19.14,20.68,14.1,15.585
2026-09-24T18:23:53+00:00,QQQ,2026-09-24,0,739.2164,757.0,P,17.25,19.3,18.275,14.92,61,1,1.0085,-0.9944,0.0023,0.002,-0.0121,22.15,22.15,14.1,16.575
2026-09-24T18:23:53+00:00,QQQ,2026-09-24,0,739.2164,758.0,P,18.25,20.27,19.26,17.09,44,0,1.0417,-0.9946,0.0021,0.0019,-0.012,20.72,22.82,15.92,17.61
2026-09-24T18:23:53+00:00,QQQ,2026-09-24,0,739.2164,759.0,P,19.25,21.38,20.315,18.81,76,0,1.1165,-0.9949,0.0019,0.0018,-0.0118,22.62,24.96,18.8,18.625
2026-09-24T18:23:53+00:00,QQQ,2026-09-24,0,739.2164,760.0,P,20.25,22.29,21.27,20.15,124,0,1.131,-0.9952,0.0018,0.0018,-0.0116,22.8,26.45,17.75,19.585
2026-09-24T18:23:53+00:00,QQQ,2026-09-24,0,739.2164,761.0,P,21.25,23.29,22.27,20.79,164,0,1.172,-0.9954,0.0016,0.0017,-0.0115,24.31,27.44,18.72,20.585
2026-09-24T18:23:53+00:00,QQQ,2026-09-24,0,739.2164,762.0,P,21.78,24.78,23.28,20.81,126,0,1.2193,-0.9956,0.0015,0.0016,-0.0113,25.24,28.27,20.32,21.615
2026-09-24T18:23:53+00:00,QQQ,2026-09-24,0,739.2164,763.0,P,22.78,25.78,24.28,21.35,54,0,1.2599,-0.9958,0.0014,0.0015,-0.0112,26.34,27.36,21.35,22.575
2026-09-24T18:23:53+00:00,QQQ,2026-09-24,0,739.2164,764.0,P,24.19,26.78,25.485,24.2,150,0,1.425,-0.996,0.0013,0.0015,-0.011,27.16,30.11,21.41,23.575
2026-09-24T18:23:53+00:00,QQQ,2026-09-24,0,739.2164,765.0,P,25.2,27.78,26.49,25.02,107,2,1.4703,-0.9961,0.0012,0.0014,-0.0108,29.54,31.19,22.82,24.57
2026-09-24T18:23:53+00:00,QQQ,2026-09-24,0,739.2164,766.0,P,26.19,28.78,27.485,28.0,55,0,1.5095,-0.9963,0.0011,0.0014,-0.0107,28.96,32.18,26.0,24.945
2026-09-24T18:23:53+00:00,QQQ,2026-09-24,0,739.2164,767.0,P,26.94,29.78,28.36,25.5,87,0,1.4741,-0.9964,0.001,0.0013,-0.0105,29.99,31.8,25.5,25.94
2026-09-24T18:23:53+00:00,QQQ,2026-09-24,0,739.2164,768.0,P,27.78,30.78,29.28,28.44,71,0,1.4585,-0.9966,0.001,0.0013,-0.0104,30.29,32.79,28.44,27.575
2026-09-24T18:23:53+00:00,QQQ,2026-09-24,0,739.2164,769.0,P,28.78,31.78,30.28,30.43,153,0,1.4974,-0.9967,0.0009,0.0012,-0.0102,32.04,34.41,30.43,28.575
2026-09-24T18:23:53+00:00,QQQ,2026-09-24,0,739.2164,770.0,P,30.02,32.78,31.4,30.97,233,0,1.6209,-0.9968,0.0009,0.0012,-0.0101,33.8,35.4,30.65,28.945
2026-09-24T18:23:53+00:00,QQQ,2026-09-24,0,739.2164,771.0,P,30.85,33.78,32.315,31.96,75,0,1.6009,-0.997,0.0008,0.0011,-0.01,34.15,37.24,31.58,30.58
2026-09-24T18:23:53+00:00,QQQ,2026-09-24,0,739.2164,772.0,P,31.77,34.78,33.275,37.97,37,0,1.6089,-0.9971,0.0008,0.0011,-0.0098,35.0,38.23,34.82,31.615
2026-09-24T18:23:53+00:00,QQQ,2026-09-24,0,739.2164,773.0,P,32.7,35.78,34.24,38.98,43,0,1.6181,-0.9972,0.0007,0.0011,-0.0097,35.93,38.98,35.75,31.945
2026-09-24T18:23:53+00:00,QQQ,2026-09-24,0,739.2164,774.0,P,33.58,36.78,35.18,39.97,62,0,1.6062,-0.9972,0.0007,0.001,-0.0096,38.14,39.97,36.37,32.945
2026-09-24T18:23:53+00:00,QQQ,2026-09-24,0,739.2164,775.0,P,34.31,37.78,36.045,38.84,40,0,1.6704,-0.9974,0.0006,0.001,-0.0094,39.1,39.1,37.36,33.945
2026-09-24T18:23:53+00:00,QQQ,2026-09-24,0,739.2164,776.0,P,35.31,38.78,37.045,39.02,15,0,1.7294,-0.9974,0.0006,0.001,-0.0093,40.03,40.03,38.99,34.945
2026-09-24T18:23:53+00:00,QQQ,2026-09-24,0,739.2164,777.0,P,36.72,39.78,38.25,43.19,7,0,1.775,-0.9975,0.0006,0.0009,-0.0092,39.94,43.19,39.92,35.945
2026-09-24T18:23:53+00:00,QQQ,2026-09-24,0,739.2164,778.0,P,37.28,40.78,39.03,43.48,41,0,1.6079,-0.9976,0.0006,0.0009,-0.009,41.24,44.18,41.24,37.495
2026-09-24T18:23:53+00:00,QQQ,2026-09-24,0,739.2164,779.0,P,38.72,41.78,40.25,40.31,70,0,1.8482,-0.9977,0.0005,0.0009,-0.0089,42.02,44.47,40.19,38.495
2026-09-24T18:23:53+00:00,QQQ,2026-09-24,0,739.2164,780.0,P,39.65,42.78,41.215,41.26,70,0,1.8516,-0.9977,0.0005,0.0009,-0.0088,43.0,44.7,41.14,39.52
2026-09-24T18:23:53+00:00,QQQ,2026-09-24,0,739.2164,781.0,P,40.74,43.78,42.26,41.5,91,0,1.9299,-0.9978,0.0005,0.0008,-0.0086,43.93,45.72,41.47,40.495
2026-09-24T18:23:53+00:00,QQQ,2026-09-24,0,739.2164,782.0,P,41.72,44.78,43.25,42.49,52,0,1.9567,-0.9979,0.0005,0.0008,-0.0085,45.68,46.67,42.4,41.495
2026-09-24T18:45:49+00:00,QQQ,2026-09-24,0,740.62,515.0,C,223.82,226.57,225.195,222.4,6,0,0.0,1.0,0.0,0.0,-0.0001,222.23,222.4,222.23,225.525
2026-09-24T18:45:49+00:00,QQQ,2026-09-24,0,740.62,520.0,C,218.8,222.06,220.43,217.42,6,0,0.0,1.0,0.0,0.0,-0.0001,217.3,217.42,217.3,220.625
2026-09-24T18:45:49+00:00,QQQ,2026-09-24,0,740.62,555.0,C,183.8,187.49,185.645,182.19,1,0,7.2464,1.0,0.0,0.0,-0.0004,182.19,182.19,182.19,185.67
2026-09-24T18:45:49+00:00,QQQ,2026-09-24,0,740.62,560.0,C,178.8,182.49,180.645,177.24,1,0,7.0409,1.0,0.0,0.0,-0.0005,177.24,177.24,177.24,180.655
2026-09-24T18:45:49+00:00,QQQ,2026-09-24,0,740.62,570.0,C,168.8,172.23,170.515,167.01,1,0,0.0,0.9999,0.0,0.0,-0.0007,167.01,167.01,167.01,170.645
2026-09-24T18:45:49+00:00,QQQ,2026-09-24,0,740.62,575.0,C,163.8,167.33,165.565,162.06,1,0,5.2584,0.9999,0.0,0.0,-0.0008,162.06,162.06,162.06,165.76
2026-09-24T18:45:49+00:00,QQQ,2026-09-24,0,740.62,600.0,C,138.8,142.04,140.42,136.78,10,10,0.0,0.9998,0.0,0.0001,-0.0016,136.78,136.78,136.78,140.715
2026-09-24T18:45:49+00:00,QQQ,2026-09-24,0,740.62,640.0,C,98.8,102.41,100.605,96.51,2,3,3.6728,0.9995,0.0,0.0002,-0.0041,96.57,96.57,96.51,100.78
2026-09-24T18:45:49+00:00,QQQ,2026-09-24,0,740.62,645.0,C,93.83,97.16,95.495,91.56,2,0,0.0,0.9994,0.0001,0.0002,-0.0045,91.62,91.62,91.56,95.695
2026-09-24T18:45:49+00:00,QQQ,2026-09-24,0,740.62,665.0,C,73.8,77.23,75.515,71.01,7,0,0.0,0.999,0.0001,0.0004,-0.0066,70.56,71.01,70.43,75.635
2026-09-24T18:45:49+00:00,QQQ,2026-09-24,0,740.62,666.0,C,72.8,76.23,74.515,70.06,7,0,0.0,0.999,0.0001,0.0004,-0.0067,69.61,70.06,69.48,74.665
2026-09-24T18:45:49+00:00,QQQ,2026-09-24,0,740.62,667.0,C,71.87,75.23,73.55,69.12,7,0,0.0,0.999,0.0001,0.0004,-0.0068,70.06,70.06,69.12,73.725
2026-09-24T18:45:49+00:00,QQQ,2026-09-24,0,740.62,668.0,C,70.8,73.99,72.395,71.57,12,0,0.0,0.9989,0.0001,0.0004,-0.0069,69.12,71.57,68.17,72.71
2026-09-24T18:45:49+00:00,QQQ,2026-09-24,0,740.62,669.0,C,69.8,73.05,71.425,70.61,10,0,0.0,0.9989,0.0001,0.0004,-0.0071,68.94,70.61,66.71,71.68
2026-09-24T18:45:49+00:00,QQQ,2026-09-24,0,740.62,670.0,C,68.8,71.91,70.355,66.12,5,0,0.0,0.9989,0.0001,0.0004,-0.0072,65.77,66.12,65.76,70.59
2026-09-24T18:45:49+00:00,QQQ,2026-09-24,0,740.62,671.0,C,67.8,71.22,69.51,68.86,11,0,0.0,0.9988,0.0002,0.0004,-0.0073,64.87,71.71,64.87,69.675
2026-09-24T18:45:49+00:00,QQQ,2026-09-24,0,740.62,672.0,C,66.8,70.22,68.51,67.9,11,0,0.0,0.9988,0.0002,0.0004,-0.0074,63.93,70.76,63.93,68.765
2026-09-24T18:45:49+00:00,QQQ,2026-09-24,0,740.62,673.0,C,65.8,69.09,67.445,64.19,1,0,0.0,0.9988,0.0002,0.0004,-0.0076,64.19,64.19,64.19,67.695
2026-09-24T18:45:49+00:00,QQQ,2026-09-24,0,740.62,674.0,C,64.8,68.23,66.515,67.38,2,0,0.0,0.9988,0.0002,0.0004,-0.0077,63.24,67.38,63.24,66.725
2026-09-24T18:45:49+00:00,QQQ,2026-09-24,0,740.62,675.0,C,64.73,67.23,65.98,66.42,1,0,3.2901,0.9987,0.0002,0.0005,-0.0078,66.42,66.42,66.42,65.495
2026-09-24T18:45:49+00:00,QQQ,2026-09-24,0,740.62,676.0,C,62.8,66.23,64.515,66.5,1,0,0.0,0.9987,0.0002,0.0005,-0.008,66.5,66.5,66.5,64.575
2026-09-24T18:45:49+00:00,QQQ,2026-09-24,0,740.62,677.0,C,62.49,65.23,63.86,65.55,1,0,3.0296,0.9986,0.0002,0.0005,-0.0081,65.55,65.55,65.55,63.675
2026-09-24T18:45:49+00:00,QQQ,2026-09-24,0,740.62,678.0,C,60.83,63.84,62.335,64.05,4,0,0.0,0.9986,0.0002,0.0005,-0.0082,57.29,64.24,57.29,62.675
2026-09-24T18:45:49+00:00,QQQ,2026-09-24,0,740.62,679.0,C,60.4,63.2,61.8,60.04,10,0,2.8448,0.9986,0.0002,0.0005,-0.0084,56.36,63.29,56.36,61.695
2026-09-24T18:45:49+00:00,QQQ,2026-09-24,0,740.62,680.0,C,60.36,62.15,61.255,59.08,7,0,3.3684,0.9985,0.0002,0.0005,-0.0085,56.57,59.08,55.71,60.695
2026-09-24T18:45:49+00:00,QQQ,2026-09-24,0,740.62,681.0,C,57.83,60.86,59.345,55.63,1,0,0.0,0.9985,0.0002,0.0005,-0.0086,55.63,55.63,55.63,59.605
2026-09-24T18:45:49+00:00,QQQ,2026-09-24,0,740.62,682.0,C,56.8,59.86,58.33,57.35,3,0,0.0,0.9984,0.0002,0.0006,-0.0088,54.29,57.35,54.29,58.525
2026-09-24T18:45:49+00:00,QQQ,2026-09-24,0,740.62,683.0,C,55.83,59.31,57.57,56.4,3,0,1.9055,0.9984,0.0002,0.0006,-0.0089,53.36,56.4,53.36,57.615
2026-09-24T18:45:49+00:00,QQQ,2026-09-24,0,740.62,684.0,C,54.8,57.88,56.34,52.73,1,0,0.0,0.9984,0.0003,0.0006,-0.0091,52.73,52.73,52.73,56.51
2026-09-24T18:45:49+00:00,QQQ,2026-09-24,0,740.62,685.0,C,53.8,56.86,55.33,50.55,3,1,0.0,0.9983,0.0003,0.0006,-0.0092,51.8,51.8,50.55,55.525
2026-09-24T18:45:49+00:00,QQQ,2026-09-24,0,740.62,686.0,C,52.8,55.99,54.395,55.38,4,0,0.0,0.9982,0.0003,0.0006,-0.0094,51.03,55.38,49.6,54.725
2026-09-24T18:45:49+00:00,QQQ,2026-09-24,0,740.62,687.0,C,51.8,54.88,53.34,54.44,3,0,0.0,0.9982,0.0003,0.0006,-0.0095,50.1,54.44,48.57,53.67
2026-09-24T18:45:49+00:00,QQQ,2026-09-24,0,740.62,688.0,C,50.8,54.29,52.545,47.62,2,0,0.0,0.9982,0.0003,0.0007,-0.0097,49.24,49.24,47.62,52.65
2026-09-24T18:45:49+00:00,QQQ,2026-09-24,0,740.62,689.0,C,49.83,53.2,51.515,46.54,5,0,0.0,0.9981,0.0003,0.0007,-0.0098,46.07,48.3,46.07,51.7
2026-09-24T18:45:49+00:00,QQQ,2026-09-24,0,740.62,690.0,C,48.8,52.15,50.475,45.59,46,32,0.0,0.998,0.0003,0.0007,-0.01,45.06,47.2,45.06,50.69
2026-09-24T18:45:49+00:00,QQQ,2026-09-24,0,740.62,691.0,C,47.8,50.88,49.34,44.29,3,0,0.0,0.998,0.0004,0.0007,-0.0101,46.27,46.27,44.29,49.58
2026-09-24T18:45:49+00:00,QQQ,2026-09-24,0,740.62,692.0,C,46.83,50.41,48.62,43.34,3,0,1.9107,0.9979,0.0004,0.0007,-0.0103,44.15,44.15,43.34,48.685
2026-09-24T18:45:49+00:00,QQQ,2026-09-24,0,740.62,693.0,C,45.83,49.24,47.535,43.22,1,0,0.0,0.9978,0.0004,0.0008,-0.0104,43.22,43.22,43.22,47.585
2026-09-24T18:45:49+00:00,QQQ,2026-09-24,0,740.62,695.0,C,43.8,47.24,45.52,42.74,32,30,0.0,0.9977,0.0004,0.0008,-0.0108,41.09,42.74,41.09,45.555
2026-09-24T18:45:49+00:00,QQQ,2026-09-24,0,740.62,696.0,C,42.8,46.2,44.5,41.11,2,5,0.0,0.9976,0.0004,0.0008,-0.0109,40.13,41.11,40.13,44.565
2026-09-24T18:45:49+00:00,QQQ,2026-09-24,0,740.62,697.0,C,41.81,45.29,43.55,40.18,1,3,0.0,0.9976,0.0005,0.0008,-0.0111,40.18,40.18,40.18,43.53
2026-09-24T18:45:49+00:00,QQQ,2026-09-24,0,740.62,698.0,C,40.8,44.43,42.615,39.25,1,1,1.6782,0.9975,0.0005,0.0009,-0.0113,39.25,39.25,39.25,42.745
2026-09-24T18:45:49+00:00,QQQ,2026-09-24,0,740.62,699.0,C,39.8,43.47,41.635,37.38,3,7,1.7051,0.9974,0.0005,0.0009,-0.0114,36.29,37.71,36.29,41.57
2026-09-24T18:45:49+00:00,QQQ,2026-09-24,0,740.62,700.0,C,38.8,41.38,40.09,36.41,41,45,0.0,0.9973,0.0006,0.0009,-0.0116,36.59,36.74,35.5,40.515
2026-09-24T18:45:49+00:00,QQQ,2026-09-24,0,740.62,701.0,C,37.8,41.24,39.52,38.82,21,12,0.0,0.9972,0.0006,0.001,-0.0118,35.91,39.24,35.91,39.555
2026-09-24T18:45:49+00:00,QQQ,2026-09-24,0,740.62,702.0,C,36.8,40.49,38.645,37.03,16,168,1.6206,0.9971,0.0006,0.001,-0.012,34.97,38.29,34.97,38.51
2026-09-24T18:45:49+00:00,QQQ,2026-09-24,0,740.62,703.0,C,35.8,39.22,37.51,36.41,5,80,0.0,0.997,0.0006,0.001,-0.0121,33.81,36.41,32.9,37.59
2026-09-24T18:45:49+00:00,QQQ,2026-09-24,0,740.62,704.0,C,34.8,38.15,36.475,37.6,12,78,0.0,0.9969,0.0007,0.001,-0.0123,32.7,37.6,31.7,37.08
2026-09-24T18:45:49+00:00,QQQ,2026-09-24,0,740.62,705.0,C,33.8,36.74,35.27,34.3,21,93,0.0,0.9968,0.0007,0.0011,-0.0125,31.6,36.44,31.6,35.91
2026-09-24T18:45:49+00:00,QQQ,2026-09-24,0,740.62,706.0,C,32.8,35.99,34.395,29.12,0,78,0.0,0.9967,0.0008,0.0011,-0.0127,0.0,0.0,0.0,34.91
2026-09-24T18:45:49+00:00,QQQ,2026-09-24,0,740.62,707.0,C,31.8,35.02,33.41,28.16,4,68,0.0,0.9966,0.0008,0.0012,-0.0129,28.15,30.41,28.15,33.915
2026-09-24T18:45:49+00:00,QQQ,2026-09-24,0,740.62,708.0,C,30.8,34.24,32.52,31.3,20,53,0.0,0.9964,0.0009,0.0012,-0.013,29.58,31.6,28.89,32.71
2026-09-24T18:45:49+00:00,QQQ,2026-09-24,0,740.62,709.0,C,29.8,33.24,31.52,32.6,30,69,0.0,0.9963,0.0009,0.0012,-0.0132,31.0,32.6,31.0,31.92
2026-09-24T18:45:49+00:00,QQQ,2026-09-24,0,740.62,710.0,C,28.8,32.22,30.51,25.98,10,461,0.0,0.9962,0.001,0.0013,-0.0134,25.98,27.14,25.98,30.925
2026-09-24T18:45:49+00:00,QQQ,2026-09-24,0,740.62,711.0,C,27.8,30.61,29.205,28.11,12,48,0.0,0.996,0.001,0.0013,-0.0136,25.45,28.11,25.45,29.925
2026-09-24T18:45:49+00:00,QQQ,2026-09-24,0,740.62,712.0,C,26.8,30.28,28.54,27.96,16,54,0.0,0.9958,0.0011,0.0014,-0.0138,24.83,28.17,24.29,28.925
2026-09-24T18:45:49+00:00,QQQ,2026-09-24,0,740.62,713.0,C,25.8,29.2,27.5,24.68,8,113,0.0,0.9957,0.0012,0.0014,-0.014,22.4,25.3,22.4,28.105
2026-09-24T18:45:49+00:00,QQQ,2026-09-24,0,740.62,714.0,C,25.36,28.28,26.82,23.09,6,169,1.401,0.9955,0.0013,0.0015,-0.0142,22.55,23.68,22.55,26.935
2026-09-24T18:45:49+00:00,QQQ,2026-09-24,0,740.62,715.0,C,23.83,26.61,25.22,24.31,45,982,0.0,0.9953,0.0014,0.0016,-0.0144,22.07,26.01,20.78,25.935
2026-09-24T18:45:49+00:00,QQQ,2026-09-24,0,740.62,716.0,C,22.83,24.92,23.875,23.39,53,238,0.0,0.9951,0.0015,0.0016,-0.0146,20.26,23.74,19.78,24.735
2026-09-24T18:45:49+00:00,QQQ,2026-09-24,0,740.62,717.0,C,23.44,23.92,23.68,22.74,29,459,1.1089,0.9948,0.0016,0.0017,-0.0148,19.98,22.74,19.06,23.945
2026-09-24T18:45:49+00:00,QQQ,2026-09-24,0,740.62,718.0,C,22.15,22.92,22.535,21.81,36,372,0.0,0.9946,0.0017,0.0018,-0.015,18.8,23.19,17.54,22.945
2026-09-24T18:45:49+00:00,QQQ,2026-09-24,0,740.62,719.0,C,19.83,21.92,20.875,20.57,17,533,0.0,0.9943,0.0019,0.0018,-0.0152,18.67,20.57,16.17,21.78
2026-09-24T18:45:49+00:00,QQQ,2026-09-24,0,740.62,720.0,C,20.23,20.92,20.575,20.58,49,1050,0.7617,0.9941,0.002,0.0019,-0.0154,13.43,21.5,13.43,20.79
2026-09-24T18:45:49+00:00,QQQ,2026-09-24,0,740.62,721.0,C,17.83,19.92,18.875,19.35,62,673,0.0,0.9937,0.0022,0.002,-0.0156,15.96,19.35,14.13,19.795
2026-09-24T18:45:49+00:00,QQQ,2026-09-24,0,740.62,722.0,C,16.83,18.92,17.875,17.04,97,833,0.0,0.9934,0.0024,0.0021,-0.0158,12.95,19.19,12.33,18.805
2026-09-24T18:45:49+00:00,QQQ,2026-09-24,0,740.62,723.0,C,16.43,17.87,17.15,18.49,89,285,0.0,0.993,0.0027,0.0022,-0.0161,12.2,18.5,11.54,17.815
2026-09-24T18:45:49+00:00,QQQ,2026-09-24,0,740.62,724.0,C,16.03,16.78,16.405,16.59,79,281,0.0,0.9926,0.003,0.0024,-0.0163,11.24,17.85,10.72,16.835
2026-09-24T18:45:49+00:00,QQQ,2026-09-24,0,740.62,725.0,C,15.03,15.91,15.47,15.25,221,653,0.0,0.9922,0.0033,0.0025,-0.0165,10.2,16.7,9.96,15.855
2026-09-24T18:45:49+00:00,QQQ,2026-09-24,0,740.62,726.0,C,14.03,14.76,14.395,14.03,103,324,0.0,0.9916,0.0037,0.0026,-0.0167,9.53,15.5,9.2,14.885
2026-09-24T18:45:49+00:00,QQQ,2026-09-24,0,740.62,727.0,C,12.42,13.91,13.165,12.83,418,276,0.0,0.991,0.0042,0.0028,-0.017,8.49,15.37,8.1,13.935
2026-09-24T18:45:49+00:00,QQQ,2026-09-24,0,740.62,728.0,C,12.03,12.91,12.47,12.6,164,288,0.0,0.9903,0.0048,0.003,-0.0173,8.89,14.04,7.07,12.97
2026-09-24T18:45:49+00:00,QQQ,2026-09-24,0,740.62,729.0,C,11.04,11.91,11.475,10.32,442,1581,0.0,0.9895,0.0055,0.0033,-0.0177,6.66,13.19,6.3,12.035
2026-09-24T18:45:49+00:00,QQQ,2026-09-24,0,740.62,730.0,C,9.95,10.93,10.44,10.58,2169,2386,0.0,0.9884,0.0065,0.0036,-0.0183,5.72,12.41,5.18,11.24
2026-09-24T18:45:49+00:00,QQQ,2026-09-24,0,740.62,731.0,C,9.05,9.91,9.48,9.91,2197,629,0.0,0.9869,0.0078,0.004,-0.0195,5.17,11.64,4.33,10.155
2026-09-24T18:45:49+00:00,QQQ,2026-09-24,0,740.62,732.0,C,8.37,8.68,8.525,7.93,7390,4593,0.0,0.9844,0.0098,0.0046,-0.0218,4.23,10.4,3.4,9.315
2026-09-24T18:45:49+00:00,QQQ,2026-09-24,0,740.62,733.0,C,7.51,7.71,7.61,7.59,8359,964,0.0,0.9802,0.013,0.0057,-0.0265,3.37,9.5,2.57,8.47
2026-09-24T18:45:49+00:00,QQQ,2026-09-24,0,740.62,734.0,C,6.38,6.91,6.645,6.28,39738,621,0.3672,0.9725,0.0184,0.0075,-0.0358,2.91,8.59,1.84,7.63
2026-09-24T18:45:49+00:00,QQQ,2026-09-24,0,740.62,735.0,C,5.48,5.72,5.6,5.63,98383,1599,0.0,0.9586,0.0275,0.0104,-0.0538,2.1,7.7,1.25,6.83
2026-09-24T18:45:49+00:00,QQQ,2026-09-24,0,740.62,736.0,C,4.52,4.78,4.65,4.76,258937,1349,0.2759,0.9346,0.0421,0.0149,-0.0864,1.66,6.65,0.79,6.055
2026-09-24T18:45:49+00:00,QQQ,2026-09-24,0,740.62,737.0,C,3.57,3.81,3.69,3.73,290390,915,0.2312,0.895,0.0639,0.021,-0.1431,1.27,5.76,0.47,5.325
2026-09-24T18:45:49+00:00,QQQ,2026-09-24,0,740.62,738.0,C,2.83,2.89,2.86,2.85,329455,1766,0.2309,0.831,0.0942,0.0288,-0.2417,0.93,4.89,0.27,4.605
2026-09-24T18:45:49+00:00,QQQ,2026-09-24,0,740.62,739.0,C,2.0,2.02,2.01,2.02,296931,2980,0.2254,0.7302,0.1298,0.0374,-0.4212,0.64,4.0,0.15,3.955
2026-09-24T18:45:49+00:00,QQQ,2026-09-24,0,740.62,740.0,C,1.32,1.34,1.33,1.32,425726,10083,0.2198,0.5892,0.1567,0.0436,-0.7374,0.41,3.15,0.09,3.33
2026-09-24T18:45:49+00:00,QQQ,2026-09-24,0,740.62,741.0,C,0.79,0.8,0.795,0.8,341829,10646,0.2194,0.4294,0.1586,0.044,-0.7823,0.29,2.42,0.06,2.77
2026-09-24T18:45:49+00:00,QQQ,2026-09-24,0,740.62,742.0,C,0.46,0.47,0.465,0.46,271968,5842,0.2249,0.2843,0.1344,0.0383,-0.4462,0.17,1.78,0.04,2.265
2026-09-24T18:45:49+00:00,QQQ,2026-09-24,0,740.62,743.0,C,0.25,0.26,0.255,0.26,177951,4541,0.2362,0.1771,0.0986,0.0297,-0.2517,0.18,1.26,0.03,1.815
2026-09-24T18:45:49+00:00,QQQ,2026-09-24,0,740.62,744.0,C,0.14,0.15,0.145,0.15,117206,6561,0.2484,0.1088,0.0669,0.0216,-0.1456,0.07,0.89,0.02,1.435
2026-09-24T18:45:49+00:00,QQQ,2026-09-24,0,740.62,745.0,C,0.08,0.09,0.085,0.08,110399,5789,0.2628,0.0664,0.0437,0.0151,-0.0853,0.05,0.63,0.02,1.125
2026-09-24T18:45:49+00:00,QQQ,2026-09-24,0,740.62,746.0,C,0.05,0.06,0.055,0.05,39876,3328,0.2818,0.0407,0.0281,0.0103,-0.0508,0.03,0.44,0.01,0.865
2026-09-24T18:45:49+00:00,QQQ,2026-09-24,0,740.62,747.0,C,0.03,0.04,0.035,0.03,31575,4343,0.299,0.0258,0.0182,0.0071,-0.0319,0.03,0.31,0.01,0.665
2026-09-24T18:45:49+00:00,QQQ,2026-09-24,0,740.62,748.0,C,0.02,0.03,0.025,0.02,32753,7356,0.32,0.0178,0.0124,0.0052,-0.0223,0.01,0.22,0.01,0.505
2026-09-24T18:45:49+00:00,QQQ,2026-09-24,0,740.62,749.0,C,0.01,0.02,0.015,0.01,20847,2515,0.3318,0.0136,0.0091,0.0041,-0.0177,0.01,0.15,0.01,0.385
2026-09-24T18:45:49+00:00,QQQ,2026-09-24,0,740.62,750.0,C,0.01,0.02,0.015,0.01,28448,8299,0.3654,0.0112,0.0072,0.0035,-0.0155,0.01,0.21,0.01,0.285
2026-09-24T18:45:49+00:00,QQQ,2026-09-24,0,740.62,751.0,C,0.0,0.01,0.02,0.02,16930,1816,0.3516,0.0099,0.0059,0.0031,-0.0145,0.01,0.08,0.01,0.215
2026-09-24T18:45:49+00:00,QQQ,2026-09-24,0,740.62,752.0,C,0.0,0.01,0.01,0.01,9288,2862,0.3814,0.009,0.005,0.0029,-0.014,0.02,0.08,0.01,0.165
2026-09-24T18:45:49+00:00,QQQ,2026-09-24,0,740.62,753.0,C,0.0,0.01,0.01,0.01,3728,2000,0.4108,0.0082,0.0044,0.0026,-0.0137,0.02,0.05,0.01,0.125
2026-09-24T18:45:49+00:00,QQQ,2026-09-24,0,740.62,754.0,C,0.0,0.01,0.01,0.01,4093,3410,0.4401,0.0077,0.0038,0.0025,-0.0135,0.01,0.04,0.01,0.095
2026-09-24T18:45:49+00:00,QQQ,2026-09-24,0,740.62,755.0,C,0.0,0.01,0.01,0.01,6431,3114,0.4691,0.0072,0.0034,0.0023,-0.0133,0.01,0.04,0.01,0.075
2026-09-24T18:45:49+00:00,QQQ,2026-09-24,0,740.62,756.0,C,0.0,0.01,0.01,0.01,6126,1838,0.4979,0.0067,0.0031,0.0022,-0.0131,0.02,0.03,0.01,0.055
2026-09-24T18:45:49+00:00,QQQ,2026-09-24,0,740.62,757.0,C,0.0,0.01,0.01,0.01,2073,1499,0.5265,0.0064,0.0027,0.0021,-0.013,0.01,0.02,0.01,0.045
2026-09-24T18:45:49+00:00,QQQ,2026-09-24,0,740.62,758.0,C,0.0,0.01,0.01,0.01,855,931,0.555,0.006,0.0025,0.002,-0.0128,0.02,0.03,0.01,0.035
2026-09-24T18:45:49+00:00,QQQ,2026-09-24,0,740.62,759.0,C,0.0,0.01,0.01,0.01,263,1543,0.5833,0.0057,0.0022,0.0019,-0.0126,0.01,0.01,0.01,0.035
2026-09-24T18:45:49+00:00,QQQ,2026-09-24,0,740.62,760.0,C,0.0,0.01,0.02,0.02,755,2573,0.6114,0.0054,0.0021,0.0018,-0.0125,0.01,0.02,0.01,0.035
2026-09-24T18:45:49+00:00,QQQ,2026-09-24,0,740.62,761.0,C,0.0,0.01,0.01,0.01,74,1802,0.6393,0.0051,0.0019,0.0017,-0.0123,0.02,0.02,0.01,0.025
2026-09-24T18:45:49+00:00,QQQ,2026-09-24,0,740.62,762.0,C,0.0,0.01,0.01,0.01,49,228,0.6672,0.0049,0.0017,0.0016,-0.0122,0.01,0.01,0.01,0.025
2026-09-24T18:45:49+00:00,QQQ,2026-09-24,0,740.62,763.0,C,0.0,0.01,0.01,0.01,14,781,0.6948,0.0047,0.0016,0.0016,-0.012,0.01,0.01,0.01,0.015
2026-09-24T18:45:49+00:00,QQQ,2026-09-24,0,740.62,764.0,C,0.0,0.01,0.01,0.01,11,378,0.7224,0.0045,0.0015,0.0015,-0.0119,0.01,0.01,0.01,0.015
2026-09-24T18:45:49+00:00,QQQ,2026-09-24,0,740.62,765.0,C,0.0,0.01,0.01,0.01,23,247,0.7498,0.0043,0.0014,0.0014,-0.0117,0.01,0.01,0.01,0.015
2026-09-24T18:45:49+00:00,QQQ,2026-09-24,0,740.62,766.0,C,0.0,0.01,0.01,0.01,2,344,0.7771,0.0041,0.0013,0.0014,-0.0116,0.01,0.01,0.01,0.015
2026-09-24T18:45:49+00:00,QQQ,2026-09-24,0,740.62,767.0,C,0.0,0.01,0.02,0.02,0,1326,0.8043,0.004,0.0012,0.0013,-0.0114,0.0,0.0,0.0,0.015
2026-09-24T18:45:49+00:00,QQQ,2026-09-24,0,740.62,768.0,C,0.0,0.01,0.01,0.01,22,1297,0.8314,0.0038,0.0011,0.0013,-0.0113,0.01,0.01,0.01,0.015
2026-09-24T18:45:49+00:00,QQQ,2026-09-24,0,740.62,769.0,C,0.0,0.01,0.01,0.01,3,222,0.8584,0.0036,0.001,0.0012,-0.0111,0.01,0.01,0.01,0.015
2026-09-24T18:45:49+00:00,QQQ,2026-09-24,0,740.62,770.0,C,0.0,0.01,0.02,0.02,0,95,0.8852,0.0035,0.001,0.0012,-0.011,0.0,0.0,0.0,0.005
2026-09-24T18:45:49+00:00,QQQ,2026-09-24,0,740.62,771.0,C,0.0,0.01,0.01,0.01,0,70,0.9124,0.0034,0.0009,0.0012,-0.0108,0.0,0.0,0.0,0.005
2026-09-24T18:45:49+00:00,QQQ,2026-09-24,0,740.62,772.0,C,0.0,0.01,0.01,0.01,1,55,0.9391,0.0033,0.0009,0.0011,-0.0107,0.01,0.01,0.01,0.005
2026-09-24T18:45:49+00:00,QQQ,2026-09-24,0,740.62,773.0,C,0.0,0.01,0.02,0.02,0,53,0.9657,0.0032,0.0008,0.0011,-0.0106,0.0,0.0,0.0,0.005
2026-09-24T18:45:49+00:00,QQQ,2026-09-24,0,740.62,774.0,C,0.0,0.01,0.01,0.01,0,42,0.9922,0.003,0.0008,0.001,-0.0104,0.0,0.0,0.0,0.005
2026-09-24T18:45:49+00:00,QQQ,2026-09-24,0,740.62,775.0,C,0.0,0.01,0.01,0.01,10,278,1.0185,0.0029,0.0007,0.001,-0.0103,0.01,0.01,0.01,0.005
2026-09-24T18:45:49+00:00,QQQ,2026-09-24,0,740.62,776.0,C,0.0,0.01,0.01,0.01,0,102,1.0448,0.0028,0.0007,0.001,-0.0102,0.0,0.0,0.0,0.005
2026-09-24T18:45:49+00:00,QQQ,2026-09-24,0,740.62,777.0,C,0.0,0.01,0.01,0.01,2,146,1.071,0.0028,0.0007,0.001,-0.01,0.01,0.01,0.01,0.005
2026-09-24T18:45:49+00:00,QQQ,2026-09-24,0,740.62,779.0,C,0.0,0.01,0.01,0.01,30,265,1.1232,0.0026,0.0006,0.0009,-0.0098,0.01,0.01,0.01,0.005
2026-09-24T18:45:49+00:00,QQQ,2026-09-24,0,740.62,780.0,C,0.0,0.01,0.01,0.01,4,85,1.1491,0.0025,0.0006,0.0009,-0.0096,0.01,0.01,0.01,0.005
2026-09-24T18:45:49+00:00,QQQ,2026-09-24,0,740.62,785.0,C,0.0,0.01,0.01,0.01,31,191,1.2777,0.0022,0.0004,0.0008,-0.009,0.01,0.01,0.01,0.005
2026-09-24T18:45:49+00:00,QQQ,2026-09-24,0,740.62,900.0,C,0.0,0.01,0.01,0.01,1,0,3.8746,0.0002,0.0,0.0001,-0.0017,0.01,0.01,0.01,0.005
2026-09-24T18:45:49+00:00,QQQ,2026-09-24,0,740.62,635.0,P,0.0,0.01,0.01,0.01,1,825,3.1486,-0.0004,0.0,0.0002,-0.0037,0.01,0.01,0.01,0.005
2026-09-24T18:45:49+00:00,QQQ,2026-09-24,0,740.62,655.0,P,0.0,0.01,0.01,0.01,2,7882,2.5538,-0.0008,0.0001,0.0003,-0.0055,0.01,0.01,0.01,0.015
2026-09-24T18:45:49+00:00,QQQ,2026-09-24,0,740.62,660.0,P,0.0,0.01,0.01,0.01,3,992,2.4068,-0.0009,0.0001,0.0003,-0.006,0.01,0.01,0.01,0.015
2026-09-24T18:45:49+00:00,QQQ,2026-09-24,0,740.62,665.0,P,0.0,0.01,0.01,0.01,6,983,2.2602,-0.001,0.0001,0.0004,-0.0066,0.01,0.01,0.01,0.015
2026-09-24T18:45:49+00:00,QQQ,2026-09-24,0,740.62,668.0,P,0.0,0.01,0.01,0.01,26,238,2.1726,-0.0011,0.0001,0.0004,-0.0069,0.01,0.01,0.01,0.015
2026-09-24T18:45:49+00:00,QQQ,2026-09-24,0,740.62,669.0,P,0.0,0.01,0.01,0.01,1,674,2.1434,-0.0011,0.0001,0.0004,-0.0071,0.01,0.01,0.01,0.015
2026-09-24T18:45:49+00:00,QQQ,2026-09-24,0,740.62,670.0,P,0.0,0.01,0.01,0.01,92,907,2.1142,-0.0011,0.0001,0.0004,-0.0072,0.01,0.01,0.01,0.015
2026-09-24T18:45:49+00:00,QQQ,2026-09-24,0,740.62,671.0,P,0.0,0.01,0.01,0.01,30,1495,2.0851,-0.0012,0.0002,0.0004,-0.0073,0.01,0.01,0.01,0.015
2026-09-24T18:45:49+00:00,QQQ,2026-09-24,0,740.62,672.0,P,0.0,0.01,0.01,0.01,1,981,2.0559,-0.0012,0.0002,0.0004,-0.0074,0.01,0.01,0.01,0.015
2026-09-24T18:45:49+00:00,QQQ,2026-09-24,0,740.62,683.0,P,0.0,0.01,0.02,0.02,1,236,1.7364,-0.0016,0.0002,0.0006,-0.0089,0.02,0.02,0.02,0.015
2026-09-24T18:45:49+00:00,QQQ,2026-09-24,0,740.62,685.0,P,0.0,0.01,0.01,0.01,35,893,1.6784,-0.0017,0.0003,0.0006,-0.0092,0.01,0.01,0.01,0.015
2026-09-24T18:45:49+00:00,QQQ,2026-09-24,0,740.62,686.0,P,0.0,0.01,0.01,0.01,1,3034,1.6495,-0.0018,0.0003,0.0006,-0.0094,0.01,0.01,0.01,0.015
2026-09-24T18:45:49+00:00,QQQ,2026-09-24,0,740.62,687.0,P,0.0,0.01,0.01,0.01,6,2098,1.6205,-0.0018,0.0003,0.0006,-0.0095,0.01,0.01,0.01,0.015
2026-09-24T18:45:49+00:00,QQQ,2026-09-24,0,740.62,690.0,P,0.0,0.01,0.01,0.01,73,5234,1.5337,-0.002,0.0003,0.0007,-0.01,0.01,0.01,0.01,0.015
2026-09-24T18:45:49+00:00,QQQ,2026-09-24,0,740.62,691.0,P,0.0,0.01,0.01,0.01,1,2255,1.5047,-0.002,0.0004,0.0007,-0.0101,0.01,0.01,0.01,0.015
2026-09-24T18:45:49+00:00,QQQ,2026-09-24,0,740.62,692.0,P,0.0,0.01,0.01,0.01,1,4247,1.4758,-0.0021,0.0004,0.0007,-0.0103,0.01,0.01,0.01,0.015
2026-09-24T18:45:49+00:00,QQQ,2026-09-24,0,740.62,693.0,P,0.0,0.01,0.01,0.01,3,4987,1.4469,-0.0022,0.0004,0.0008,-0.0104,0.01,0.01,0.01,0.015
2026-09-24T18:45:49+00:00,QQQ,2026-09-24,0,740.62,694.0,P,0.0,0.01,0.01,0.01,8,7433,1.4179,-0.0022,0.0004,0.0008,-0.0106,0.01,0.01,0.01,0.015
2026-09-24T18:45:49+00:00,QQQ,2026-09-24,0,740.62,695.0,P,0.0,0.01,0.01,0.01,6,3344,1.389,-0.0023,0.0004,0.0008,-0.0108,0.01,0.01,0.01,0.025
2026-09-24T18:45:49+00:00,QQQ,2026-09-24,0,740.62,696.0,P,0.0,0.01,0.01,0.01,7,864,1.36,-0.0024,0.0004,0.0008,-0.0109,0.01,0.01,0.01,0.025
2026-09-24T18:45:49+00:00,QQQ,2026-09-24,0,740.62,697.0,P,0.0,0.01,0.01,0.01,1,4061,1.3311,-0.0024,0.0005,0.0008,-0.0111,0.01,0.01,0.01,0.025
2026-09-24T18:45:49+00:00,QQQ,2026-09-24,0,740.62,698.0,P,0.0,0.01,0.01,0.01,14,6949,1.3022,-0.0025,0.0005,0.0009,-0.0113,0.01,0.01,0.01,0.025
2026-09-24T18:45:49+00:00,QQQ,2026-09-24,0,740.62,699.0,P,0.0,0.01,0.01,0.01,1,1299,1.2732,-0.0026,0.0005,0.0009,-0.0114,0.01,0.01,0.01,0.025
2026-09-24T18:45:49+00:00,QQQ,2026-09-24,0,740.62,700.0,P,0.0,0.01,0.01,0.01,365,4346,1.2442,-0.0027,0.0006,0.0009,-0.0116,0.02,0.02,0.01,0.025
2026-09-24T18:45:49+00:00,QQQ,2026-09-24,0,740.62,701.0,P,0.0,0.01,0.01,0.01,1227,3460,1.2153,-0.0028,0.0006,0.001,-0.0118,0.01,0.01,0.01,0.025
2026-09-24T18:45:49+00:00,QQQ,2026-09-24,0,740.62,702.0,P,0.0,0.01,0.01,0.01,12978,709,1.1863,-0.0029,0.0006,0.001,-0.012,0.01,0.02,0.01,0.025
2026-09-24T18:45:49+00:00,QQQ,2026-09-24,0,740.62,703.0,P,0.0,0.01,0.01,0.01,13850,1072,1.1573,-0.003,0.0006,0.001,-0.0121,0.01,0.02,0.01,0.025
2026-09-24T18:45:49+00:00,QQQ,2026-09-24,0,740.62,704.0,P,0.0,0.01,0.01,0.01,4108,1255,1.1283,-0.0031,0.0007,0.001,-0.0123,0.01,0.02,0.01,0.025
2026-09-24T18:45:49+00:00,QQQ,2026-09-24,0,740.62,705.0,P,0.0,0.01,0.01,0.01,2451,927,1.0993,-0.0032,0.0007,0.0011,-0.0125,0.01,0.02,0.01,0.025
2026-09-24T18:45:49+00:00,QQQ,2026-09-24,0,740.62,706.0,P,0.0,0.01,0.01,0.01,5091,335,1.0703,-0.0033,0.0008,0.0011,-0.0127,0.02,0.02,0.01,0.025
2026-09-24T18:45:49+00:00,QQQ,2026-09-24,0,740.62,707.0,P,0.0,0.01,0.01,0.01,2802,564,1.0412,-0.0034,0.0008,0.0012,-0.0129,0.01,0.02,0.01,0.025
2026-09-24T18:45:49+00:00,QQQ,2026-09-24,0,740.62,708.0,P,0.0,0.01,0.01,0.01,2020,507,1.0122,-0.0036,0.0009,0.0012,-0.013,0.01,0.02,0.01,0.025
2026-09-24T18:45:49+00:00,QQQ,2026-09-24,0,740.62,709.0,P,0.0,0.01,0.01,0.01,761,481,0.9831,-0.0037,0.0009,0.0012,-0.0132,0.02,0.02,0.01,0.025
2026-09-24T18:45:49+00:00,QQQ,2026-09-24,0,740.62,710.0,P,0.0,0.01,0.01,0.01,732,2174,0.954,-0.0038,0.001,0.0013,-0.0134,0.02,0.03,0.01,0.025
2026-09-24T18:45:49+00:00,QQQ,2026-09-24,0,740.62,711.0,P,0.0,0.01,0.01,0.01,1593,1264,0.9248,-0.004,0.001,0.0013,-0.0136,0.01,0.02,0.01,0.035
2026-09-24T18:45:49+00:00,QQQ,2026-09-24,0,740.62,712.0,P,0.0,0.01,0.01,0.01,1261,1268,0.8956,-0.0042,0.0011,0.0014,-0.0138,0.02,0.04,0.01,0.035
2026-09-24T18:45:49+00:00,QQQ,2026-09-24,0,740.62,713.0,P,0.0,0.01,0.01,0.01,2210,495,0.8664,-0.0043,0.0012,0.0014,-0.014,0.02,0.03,0.01,0.035
2026-09-24T18:45:49+00:00,QQQ,2026-09-24,0,740.62,714.0,P,0.0,0.01,0.01,0.01,2215,631,0.8372,-0.0045,0.0013,0.0015,-0.0142,0.03,0.03,0.01,0.035
2026-09-24T18:45:49+00:00,QQQ,2026-09-24,0,740.62,715.0,P,0.0,0.01,0.01,0.01,3070,1592,0.8079,-0.0047,0.0014,0.0016,-0.0144,0.04,0.04,0.01,0.035
2026-09-24T18:45:49+00:00,QQQ,2026-09-24,0,740.62,716.0,P,0.0,0.01,0.01,0.01,1284,776,0.7786,-0.0049,0.0015,0.0016,-0.0146,0.03,0.05,0.01,0.035
2026-09-24T18:45:49+00:00,QQQ,2026-09-24,0,740.62,717.0,P,0.0,0.01,0.01,0.01,3372,1235,0.7492,-0.0052,0.0016,0.0017,-0.0148,0.04,0.04,0.01,0.045
2026-09-24T18:45:49+00:00,QQQ,2026-09-24,0,740.62,718.0,P,0.0,0.01,0.01,0.01,4292,2033,0.7197,-0.0054,0.0017,0.0018,-0.015,0.04,0.05,0.01,0.045
2026-09-24T18:45:49+00:00,QQQ,2026-09-24,0,740.62,719.0,P,0.0,0.01,0.01,0.01,7051,1636,0.6902,-0.0057,0.0019,0.0018,-0.0152,0.05,0.06,0.01,0.055
2026-09-24T18:45:49+00:00,QQQ,2026-09-24,0,740.62,720.0,P,0.01,0.02,0.015,0.01,7989,3246,0.7391,-0.0059,0.002,0.0019,-0.0154,0.03,0.06,0.01,0.055
2026-09-24T18:45:49+00:00,QQQ,2026-09-24,0,740.62,721.0,P,0.01,0.02,0.015,0.02,3456,1621,0.7066,-0.0063,0.0022,0.002,-0.0156,0.06,0.08,0.01,0.065
2026-09-24T18:45:49+00:00,QQQ,2026-09-24,0,740.62,722.0,P,0.01,0.02,0.015,0.02,4921,2122,0.674,-0.0066,0.0024,0.0021,-0.0158,0.07,0.08,0.01,0.075
2026-09-24T18:45:49+00:00,QQQ,2026-09-24,0,740.62,723.0,P,0.01,0.02,0.015,0.01,2922,1735,0.6413,-0.007,0.0027,0.0022,-0.0161,0.08,0.1,0.01,0.085
2026-09-24T18:45:49+00:00,QQQ,2026-09-24,0,740.62,724.0,P,0.01,0.02,0.015,0.01,4344,1516,0.6084,-0.0074,0.003,0.0024,-0.0163,0.1,0.13,0.01,0.1
2026-09-24T18:45:49+00:00,QQQ,2026-09-24,0,740.62,725.0,P,0.01,0.02,0.015,0.02,12267,2522,0.5754,-0.0078,0.0033,0.0025,-0.0165,0.14,0.16,0.01,0.115
2026-09-24T18:45:49+00:00,QQQ,2026-09-24,0,740.62,726.0,P,0.01,0.02,0.015,0.01,10985,2092,0.5418,-0.0084,0.0037,0.0027,-0.0168,0.15,0.19,0.01,0.145
2026-09-24T18:45:49+00:00,QQQ,2026-09-24,0,740.62,727.0,P,0.01,0.02,0.015,0.02,20580,3482,0.5085,-0.009,0.0042,0.0028,-0.017,0.2,0.26,0.01,0.185
2026-09-24T18:45:49+00:00,QQQ,2026-09-24,0,740.62,728.0,P,0.01,0.02,0.015,0.01,34038,3546,0.4751,-0.0097,0.0048,0.003,-0.0173,0.29,0.34,0.01,0.225
2026-09-24T18:45:49+00:00,QQQ,2026-09-24,0,740.62,729.0,P,0.01,0.02,0.015,0.02,53031,3659,0.4414,-0.0105,0.0055,0.0033,-0.0177,0.35,0.47,0.01,0.285
2026-09-24T18:45:49+00:00,QQQ,2026-09-24,0,740.62,730.0,P,0.01,0.02,0.015,0.03,87294,6461,0.4079,-0.0116,0.0065,0.0036,-0.0183,0.48,0.62,0.01,0.365
2026-09-24T18:45:49+00:00,QQQ,2026-09-24,0,740.62,731.0,P,0.02,0.03,0.025,0.02,66668,5589,0.3998,-0.0131,0.0078,0.004,-0.0195,0.62,0.82,0.01,0.455
2026-09-24T18:45:49+00:00,QQQ,2026-09-24,0,740.62,732.0,P,0.02,0.03,0.025,0.03,101176,3740,0.3634,-0.0156,0.0098,0.0046,-0.0218,1.01,1.08,0.02,0.575
2026-09-24T18:45:49+00:00,QQQ,2026-09-24,0,740.62,733.0,P,0.02,0.03,0.025,0.03,123021,3007,0.3266,-0.0198,0.013,0.0057,-0.0266,1.4,1.42,0.02,0.715
2026-09-24T18:45:49+00:00,QQQ,2026-09-24,0,740.62,734.0,P,0.03,0.04,0.035,0.04,213588,2688,0.3051,-0.0276,0.0185,0.0075,-0.036,1.53,1.8,0.03,0.885
2026-09-24T18:45:49+00:00,QQQ,2026-09-24,0,740.62,735.0,P,0.05,0.06,0.055,0.05,372170,7734,0.2882,-0.0416,0.0276,0.0105,-0.054,1.96,2.29,0.05,1.085
2026-09-24T18:45:49+00:00,QQQ,2026-09-24,0,740.62,736.0,P,0.08,0.09,0.085,0.09,353018,53391,0.269,-0.0657,0.0422,0.0149,-0.0868,2.41,2.82,0.08,1.315
2026-09-24T18:45:49+00:00,QQQ,2026-09-24,0,740.62,737.0,P,0.13,0.14,0.135,0.14,235503,7048,0.2502,-0.105,0.0639,0.021,-0.1431,2.95,3.43,0.13,1.58
2026-09-24T18:45:49+00:00,QQQ,2026-09-24,0,740.62,738.0,P,0.22,0.23,0.225,0.23,186819,8321,0.2365,-0.169,0.0942,0.0288,-0.2417,3.67,4.1,0.22,1.875
2026-09-24T18:45:49+00:00,QQQ,2026-09-24,0,740.62,739.0,P,0.4,0.41,0.405,0.41,191489,3792,0.2283,-0.2698,0.1298,0.0374,-0.4212,4.46,4.85,0.34,2.215
2026-09-24T18:45:49+00:00,QQQ,2026-09-24,0,740.62,740.0,P,0.7,0.71,0.705,0.72,176327,8635,0.221,-0.4108,0.1567,0.0436,-0.7374,5.03,5.74,0.51,2.595
2026-09-24T18:45:49+00:00,QQQ,2026-09-24,0,740.62,741.0,P,1.17,1.19,1.18,1.17,96805,8812,0.2206,-0.5706,0.1586,0.044,-0.7823,5.94,6.66,0.76,3.035
2026-09-24T18:45:49+00:00,QQQ,2026-09-24,0,740.62,742.0,P,1.82,1.86,1.84,1.84,52834,2739,0.2277,-0.7157,0.1344,0.0383,-0.4462,6.89,7.51,1.12,3.515
2026-09-24T18:45:49+00:00,QQQ,2026-09-24,0,740.62,743.0,P,2.61,2.66,2.635,2.69,15377,2554,0.2362,-0.8226,0.0988,0.0297,-0.2521,7.7,8.37,1.61,4.07
2026-09-24T18:45:49+00:00,QQQ,2026-09-24,0,740.62,744.0,P,3.51,3.61,3.56,3.61,4955,1649,0.2484,-0.8911,0.0671,0.0216,-0.1458,8.76,9.3,2.24,4.7
2026-09-24T18:45:49+00:00,QQQ,2026-09-24,0,740.62,745.0,P,4.4,4.88,4.64,4.5,3061,1756,0.324,-0.9335,0.0438,0.0151,-0.0854,9.8,10.27,2.93,5.38
2026-09-24T18:45:49+00:00,QQQ,2026-09-24,0,740.62,746.0,P,5.16,6.21,5.685,5.54,928,921,0.3971,-0.9593,0.0281,0.0103,-0.0508,11.08,11.08,3.93,6.13
2026-09-24T18:45:49+00:00,QQQ,2026-09-24,0,740.62,747.0,P,6.15,7.2,6.675,7.2,506,995,0.4433,-0.9741,0.0183,0.0072,-0.032,10.0,12.21,4.64,6.94
2026-09-24T18:45:49+00:00,QQQ,2026-09-24,0,740.62,748.0,P,7.15,7.95,7.55,7.65,281,613,0.4116,-0.9822,0.0125,0.0052,-0.0224,10.7,13.14,5.75,7.83
2026-09-24T18:45:49+00:00,QQQ,2026-09-24,0,740.62,749.0,P,8.14,9.51,8.825,9.14,432,199,0.6182,-0.9864,0.0092,0.0042,-0.0177,15.68,15.68,7.89,8.83
2026-09-24T18:45:49+00:00,QQQ,2026-09-24,0,740.62,750.0,P,9.13,10.59,9.86,10.7,333,420,0.6863,-0.9887,0.0072,0.0035,-0.0155,16.67,16.67,7.82,9.705
2026-09-24T18:45:49+00:00,QQQ,2026-09-24,0,740.62,751.0,P,10.13,10.97,10.55,10.64,56,73,0.5387,-0.9901,0.0059,0.0031,-0.0145,15.5,16.55,8.96,10.835
2026-09-24T18:45:49+00:00,QQQ,2026-09-24,0,740.62,752.0,P,11.13,13.16,12.145,10.75,40,39,0.9163,-0.991,0.005,0.0029,-0.014,15.28,16.58,10.75,11.6
2026-09-24T18:45:49+00:00,QQQ,2026-09-24,0,740.62,753.0,P,12.13,14.16,13.145,16.68,128,35,0.9703,-0.9918,0.0044,0.0026,-0.0137,17.69,18.91,14.69,12.715
2026-09-24T18:45:49+00:00,QQQ,2026-09-24,0,740.62,754.0,P,13.13,15.18,14.155,15.2,52,1,1.0278,-0.9923,0.0038,0.0025,-0.0134,19.09,19.09,12.31,13.715
2026-09-24T18:45:49+00:00,QQQ,2026-09-24,0,740.62,755.0,P,14.12,16.18,15.15,13.61,80,19,1.0781,-0.9928,0.0034,0.0023,-0.0133,20.0,20.0,12.94,14.495
2026-09-24T18:45:49+00:00,QQQ,2026-09-24,0,740.62,756.0,P,15.12,17.18,16.15,17.27,43,0,1.1298,-0.9933,0.0031,0.0022,-0.0131,19.14,20.68,14.1,15.585
2026-09-24T18:45:49+00:00,QQQ,2026-09-24,0,740.62,757.0,P,16.12,18.18,17.15,14.92,61,1,1.181,-0.9937,0.0027,0.0021,-0.0129,22.15,22.15,14.1,16.575
2026-09-24T18:45:49+00:00,QQQ,2026-09-24,0,740.62,758.0,P,17.13,19.18,18.155,17.09,44,0,1.234,-0.994,0.0025,0.002,-0.0128,20.72,22.82,15.92,17.61
2026-09-24T18:45:49+00:00,QQQ,2026-09-24,0,740.62,759.0,P,17.81,20.18,18.995,18.81,76,0,1.2008,-0.9943,0.0022,0.0019,-0.0126,22.62,24.96,18.8,18.625
2026-09-24T18:45:49+00:00,QQQ,2026-09-24,0,740.62,760.0,P,18.82,21.18,20.0,20.15,124,0,1.2512,-0.9946,0.0021,0.0018,-0.0124,22.8,26.45,17.75,19.585
2026-09-24T18:45:49+00:00,QQQ,2026-09-24,0,740.62,761.0,P,20.12,22.18,21.15,20.79,164,0,1.3801,-0.9949,0.0019,0.0017,-0.0123,24.31,27.44,18.72,20.585
2026-09-24T18:45:49+00:00,QQQ,2026-09-24,0,740.62,762.0,P,20.61,23.27,21.94,20.81,126,0,1.3088,-0.9951,0.0017,0.0016,-0.0121,25.24,28.27,20.32,21.615
2026-09-24T18:45:49+00:00,QQQ,2026-09-24,0,740.62,763.0,P,20.86,24.31,22.585,21.35,54,0,1.0536,-0.9953,0.0016,0.0016,-0.012,26.34,27.36,21.35,22.575
2026-09-24T18:45:49+00:00,QQQ,2026-09-24,0,740.62,764.0,P,21.78,25.31,23.545,24.2,150,0,1.0338,-0.9955,0.0015,0.0015,-0.0118,27.16,30.11,21.41,23.575
2026-09-24T18:45:49+00:00,QQQ,2026-09-24,0,740.62,765.0,P,23.61,26.31,24.96,25.02,107,2,1.4576,-0.9957,0.0014,0.0014,-0.0117,29.54,31.19,22.82,24.57
2026-09-24T18:45:49+00:00,QQQ,2026-09-24,0,740.62,766.0,P,24.19,27.31,25.75,28.0,55,0,1.344,-0.9959,0.0013,0.0014,-0.0115,28.96,32.18,26.0,24.945
2026-09-24T18:45:49+00:00,QQQ,2026-09-24,0,740.62,767.0,P,25.12,28.31,26.715,25.5,87,0,1.3529,-0.9961,0.0012,0.0013,-0.0114,29.99,31.8,25.5,25.94
2026-09-24T18:45:49+00:00,QQQ,2026-09-24,0,740.62,768.0,P,25.77,29.31,27.54,28.44,71,0,1.169,-0.9962,0.0011,0.0013,-0.0112,30.29,32.79,28.44,27.575
2026-09-24T18:45:49+00:00,QQQ,2026-09-24,0,740.62,769.0,P,26.77,30.31,28.54,30.43,153,0,1.2043,-0.9964,0.001,0.0012,-0.0111,32.04,34.41,30.43,28.575
2026-09-24T18:45:49+00:00,QQQ,2026-09-24,0,740.62,770.0,P,28.19,31.31,29.75,30.97,233,0,1.5075,-0.9965,0.001,0.0012,-0.011,33.8,35.4,30.65,28.945
2026-09-24T18:45:49+00:00,QQQ,2026-09-24,0,740.62,771.0,P,28.78,32.22,30.5,31.96,75,0,1.1818,-0.9966,0.0009,0.0012,-0.0108,34.15,37.24,31.58,30.58
2026-09-24T18:45:49+00:00,QQQ,2026-09-24,0,740.62,772.0,P,29.77,33.22,31.495,37.97,37,0,1.1999,-0.9967,0.0009,0.0011,-0.0107,35.0,38.23,34.82,31.615
2026-09-24T18:45:49+00:00,QQQ,2026-09-24,0,740.62,773.0,P,30.77,34.21,32.49,38.98,43,0,1.2162,-0.9968,0.0008,0.0011,-0.0106,35.93,38.98,35.75,31.945
2026-09-24T18:45:49+00:00,QQQ,2026-09-24,0,740.62,774.0,P,31.77,35.21,33.49,39.97,62,0,1.2481,-0.997,0.0008,0.001,-0.0104,38.14,39.97,36.37,32.945
2026-09-24T18:45:49+00:00,QQQ,2026-09-24,0,740.62,775.0,P,32.51,36.21,34.36,38.84,40,0,0.0,-0.9971,0.0007,0.001,-0.0103,39.1,39.1,37.36,33.945
2026-09-24T18:45:49+00:00,QQQ,2026-09-24,0,740.62,776.0,P,33.74,37.21,35.475,39.02,15,0,1.2506,-0.9972,0.0007,0.001,-0.0102,40.03,40.03,38.99,34.945
2026-09-24T18:45:49+00:00,QQQ,2026-09-24,0,740.62,777.0,P,34.72,38.21,36.465,43.19,7,0,1.2259,-0.9972,0.0007,0.001,-0.01,39.94,43.19,39.92,35.945
2026-09-24T18:45:49+00:00,QQQ,2026-09-24,0,740.62,778.0,P,35.74,39.21,37.475,43.48,41,0,1.3112,-0.9973,0.0006,0.0009,-0.0099,41.24,44.18,41.24,37.495
2026-09-24T18:45:49+00:00,QQQ,2026-09-24,0,740.62,779.0,P,37.31,40.21,38.76,40.31,70,0,1.8731,-0.9974,0.0006,0.0009,-0.0098,42.02,44.47,40.19,38.495
2026-09-24T18:45:49+00:00,QQQ,2026-09-24,0,740.62,780.0,P,38.15,41.21,39.68,41.26,70,0,1.8165,-0.9975,0.0006,0.0009,-0.0096,43.0,44.7,41.14,39.52
2026-09-24T18:45:49+00:00,QQQ,2026-09-24,0,740.62,781.0,P,38.81,42.21,40.51,41.5,91,0,1.536,-0.9976,0.0005,0.0008,-0.0095,43.93,45.72,41.47,40.495
2026-09-24T18:45:49+00:00,QQQ,2026-09-24,0,740.62,782.0,P,39.65,43.21,41.43,42.49,52,0,0.0,-0.9976,0.0005,0.0008,-0.0094,45.68,46.67,42.4,41.495
